census_block_group,poi_id,state_fips,county_fips,tract,block_group,poi_name,travel_time_minutes,avg_travel_speed_kmh,avg_travel_speed_mph,travel_distance_km,travel_distance_miles,statefp,countyfp,tractce,blkgrpce,affgeoid,namelsad,lsad,aland,awater,total_population,median_household_income,median_age
530330013001,custom_0,53,53033,001300,1,Seattle Central Library,15,50,31,4.9375710315538,3.068063449447616,53,33,1300,1,1500000US530330013001,Block Group 1,BG,502578,0,1583.0,79554.0,40.3
530330013003,custom_0,53,53033,001300,3,Seattle Central Library,15,50,31,4.527814379100442,2.813452548556021,53,33,1300,3,1500000US530330013003,Block Group 3,BG,433496,0,1462.0,87332.0,33.0
530330014003,custom_0,53,53033,001400,3,Seattle Central Library,15,50,31,4.056751635895938,2.5207478207482947,53,33,1400,3,1500000US530330014003,Block Group 3,BG,378784,0,1481.0,-666666666.0,36.4
530330014004,custom_0,53,53033,001400,4,Seattle Central Library,15,50,31,4.244504918870583,2.6374122659435333,53,33,1400,4,1500000US530330014004,Block Group 4,BG,936450,213389,1594.0,139868.0,40.5
530330015001,custom_0,53,53033,001500,1,Seattle Central Library,15,50,31,3.174959784303709,1.97282793613258,53,33,1500,1,1500000US530330015001,Block Group 1,BG,522351,0,1494.0,138081.0,53.3
530330015002,custom_0,53,53033,001500,2,Seattle Central Library,15,50,31,3.1381404261299157,1.949949454724772,53,33,1500,2,1500000US530330015002,Block Group 2,BG,645360,526885,1301.0,171250.0,45.6
530330016001,custom_0,53,53033,001600,1,Seattle Central Library,15,50,31,3.905856531655883,2.4269859789315475,53,33,1600,1,1500000US530330016001,Block Group 1,BG,984746,320118,1546.0,233750.0,43.3
530330016002,custom_0,53,53033,001600,2,Seattle Central Library,15,50,31,3.0896117215086547,1.9197951250055543,53,33,1600,2,1500000US530330016002,Block Group 2,BG,661512,0,1445.0,250001.0,46.4
530330016003,custom_0,53,53033,001600,3,Seattle Central Library,15,50,31,2.776558833403173,1.725273138870563,53,33,1600,3,1500000US530330016003,Block Group 3,BG,374100,0,1723.0,157222.0,38.7
530330017011,custom_0,53,53033,001701,1,Seattle Central Library,15,50,31,3.248042697384787,2.0182395389166827,53,33,1701,1,1500000US530330017011,Block Group 1,BG,323766,0,1791.0,87054.0,30.9
530330017012,custom_0,53,53033,001701,2,Seattle Central Library,15,50,31,3.8060305380517687,2.3649570014597656,53,33,1701,2,1500000US530330017012,Block Group 2,BG,304871,0,1460.0,86860.0,35.9
530330017013,custom_0,53,53033,001701,3,Seattle Central Library,15,50,31,4.372221022546485,2.716771349000732,53,33,1701,3,1500000US530330017013,Block Group 3,BG,264131,0,993.0,117569.0,32.0
530330017021,custom_0,53,53033,001702,1,Seattle Central Library,15,50,31,4.08591550272588,2.5388694018442832,53,33,1702,1,1500000US530330017021,Block Group 1,BG,222242,0,1476.0,75900.0,34.5
530330017022,custom_0,53,53033,001702,2,Seattle Central Library,15,50,31,2.8627749401119935,1.7788453273123295,53,33,1702,2,1500000US530330017022,Block Group 2,BG,324914,0,1706.0,145708.0,34.9
530330017023,custom_0,53,53033,001702,3,Seattle Central Library,15,50,31,3.277397903928121,2.0364800129617207,53,33,1702,3,1500000US530330017023,Block Group 3,BG,294322,0,1026.0,73125.0,49.3
530330017024,custom_0,53,53033,001702,4,Seattle Central Library,15,50,31,3.614322890280311,2.245835428656367,53,33,1702,4,1500000US530330017024,Block Group 4,BG,438742,0,1042.0,112303.0,38.1
530330018001,custom_0,53,53033,001800,1,Seattle Central Library,15,50,31,4.05422576484974,2.519178317730448,53,33,1800,1,1500000US530330018001,Block Group 1,BG,424904,0,2267.0,134625.0,27.9
530330018002,custom_0,53,53033,001800,2,Seattle Central Library,15,50,31,3.9243558314578184,2.4384809073487763,53,33,1800,2,1500000US530330018002,Block Group 2,BG,244088,0,1387.0,98818.0,30.6
530330018003,custom_0,53,53033,001800,3,Seattle Central Library,15,50,31,4.054251874911945,2.5191945417659105,53,33,1800,3,1500000US530330018003,Block Group 3,BG,277093,0,1373.0,98551.0,32.0
530330019001,custom_0,53,53033,001900,1,Seattle Central Library,15,50,31,3.7476658275587043,2.3286908629359795,53,33,1900,1,1500000US530330019001,Block Group 1,BG,414424,0,1626.0,180978.0,35.7
530330019002,custom_0,53,53033,001900,2,Seattle Central Library,15,50,31,3.6875073836797045,2.2913101505044415,53,33,1900,2,1500000US530330019002,Block Group 2,BG,486932,0,1131.0,164844.0,36.1
530330019004,custom_0,53,53033,001900,4,Seattle Central Library,15,50,31,4.32246552224518,2.6858547240230095,53,33,1900,4,1500000US530330019004,Block Group 4,BG,684710,0,1360.0,92961.0,34.4
530330020001,custom_0,53,53033,002000,1,Seattle Central Library,15,50,31,3.68095072225863,2.287236031240567,53,33,2000,1,1500000US530330020001,Block Group 1,BG,331627,0,1496.0,124052.0,35.6
530330020002,custom_0,53,53033,002000,2,Seattle Central Library,15,50,31,4.144418651915618,2.57522156215946,53,33,2000,2,1500000US530330020002,Block Group 2,BG,387944,0,1301.0,99545.0,42.6
530330020003,custom_0,53,53033,002000,3,Seattle Central Library,15,50,31,3.511577650219711,2.181992516094672,53,33,2000,3,1500000US530330020003,Block Group 3,BG,383742,28680,1418.0,147667.0,37.6
530330021001,custom_0,53,53033,002100,1,Seattle Central Library,15,50,31,4.208789194540155,2.6152195506006106,53,33,2100,1,1500000US530330021001,Block Group 1,BG,503595,0,1656.0,175833.0,44.4
530330021002,custom_0,53,53033,002100,2,Seattle Central Library,15,50,31,4.0274360229206065,2.5025319489982003,53,33,2100,2,1500000US530330021002,Block Group 2,BG,482793,0,1904.0,128750.0,35.1
530330021003,custom_0,53,53033,002100,3,Seattle Central Library,15,50,31,3.5220415913131213,2.1884945056358256,53,33,2100,3,1500000US530330021003,Block Group 3,BG,379080,0,1051.0,101343.0,31.3
530330022001,custom_0,53,53033,002200,1,Seattle Central Library,15,50,31,5.0206252794826,3.1196709505373823,53,33,2200,1,1500000US530330022001,Block Group 1,BG,616108,0,2197.0,169908.0,39.5
530330022002,custom_0,53,53033,002200,2,Seattle Central Library,15,50,31,4.382134078078479,2.722931034229703,53,33,2200,2,1500000US530330022002,Block Group 2,BG,567842,0,1493.0,198868.0,39.0
530330022003,custom_0,53,53033,002200,3,Seattle Central Library,15,50,31,5.019537191108206,3.1189948439760973,53,33,2200,3,1500000US530330022003,Block Group 3,BG,635932,1154953,1219.0,96607.0,45.8
530330024001,custom_0,53,53033,002400,1,Seattle Central Library,15,50,31,3.572694643149321,2.219968843108337,53,33,2400,1,1500000US530330024001,Block Group 1,BG,556855,0,1605.0,200118.0,50.2
530330024002,custom_0,53,53033,002400,2,Seattle Central Library,15,50,31,3.1919737725566923,1.9833999350273246,53,33,2400,2,1500000US530330024002,Block Group 2,BG,405673,0,1574.0,131518.0,39.0
530330025001,custom_0,53,53033,002500,1,Seattle Central Library,15,50,31,2.9399857358764234,1.826821876687269,53,33,2500,1,1500000US530330025001,Block Group 1,BG,622001,0,1426.0,150625.0,37.6
530330025002,custom_0,53,53033,002500,2,Seattle Central Library,15,50,31,2.142431630449897,1.3312448846442828,53,33,2500,2,1500000US530330025002,Block Group 2,BG,362333,0,2040.0,147000.0,36.8
530330026001,custom_0,53,53033,002600,1,Seattle Central Library,15,50,31,2.9206542297118747,1.8148098393702974,53,33,2600,1,1500000US530330026001,Block Group 1,BG,245365,0,1350.0,137500.0,37.9
530330026002,custom_0,53,53033,002600,2,Seattle Central Library,15,50,31,2.2690235125229306,1.409905408999886,53,33,2600,2,1500000US530330026002,Block Group 2,BG,378547,28175,1354.0,166029.0,39.1
530330026003,custom_0,53,53033,002600,3,Seattle Central Library,15,50,31,1.807523257650291,1.123142534129419,53,33,2600,3,1500000US530330026003,Block Group 3,BG,326854,0,1386.0,115375.0,32.3
530330026004,custom_0,53,53033,002600,4,Seattle Central Library,15,50,31,2.71836216853126,1.6891114190224377,53,33,2600,4,1500000US530330026004,Block Group 4,BG,265861,0,1129.0,190954.0,39.5
530330027001,custom_0,53,53033,002700,1,Seattle Central Library,15,50,31,2.8949927125551245,1.7988645167930903,53,33,2700,1,1500000US530330027001,Block Group 1,BG,362211,0,1639.0,102885.0,40.2
530330027002,custom_0,53,53033,002700,2,Seattle Central Library,15,50,31,2.9933295030661253,1.8599681466497013,53,33,2700,2,1500000US530330027002,Block Group 2,BG,494072,0,1333.0,163317.0,32.8
530330027003,custom_0,53,53033,002700,3,Seattle Central Library,15,50,31,3.2614676479197247,2.0265814138555274,53,33,2700,3,1500000US530330027003,Block Group 3,BG,315473,0,1147.0,165441.0,43.1
530330027004,custom_0,53,53033,002700,4,Seattle Central Library,15,50,31,3.498923035251649,2.1741293053373525,53,33,2700,4,1500000US530330027004,Block Group 4,BG,413091,0,1847.0,243036.0,36.2
530330028001,custom_0,53,53033,002800,1,Seattle Central Library,15,50,31,3.1786638594061,1.9751295409830276,53,33,2800,1,1500000US530330028001,Block Group 1,BG,264042,0,1174.0,104125.0,43.3
530330028002,custom_0,53,53033,002800,2,Seattle Central Library,15,50,31,2.983495367545142,1.8538575000268924,53,33,2800,2,1500000US530330028002,Block Group 2,BG,259414,0,1541.0,147500.0,36.2
530330028003,custom_0,53,53033,002800,3,Seattle Central Library,15,50,31,2.8525199530327194,1.772473175735894,53,33,2800,3,1500000US530330028003,Block Group 3,BG,200980,0,1002.0,152604.0,32.5
530330028004,custom_0,53,53033,002800,4,Seattle Central Library,15,50,31,3.386118103196694,2.104035591901433,53,33,2800,4,1500000US530330028004,Block Group 4,BG,263851,0,1088.0,111900.0,35.1
530330029001,custom_0,53,53033,002900,1,Seattle Central Library,15,50,31,2.801982676744463,1.7410707778313836,53,33,2900,1,1500000US530330029001,Block Group 1,BG,360736,0,1841.0,135893.0,38.7
530330029002,custom_0,53,53033,002900,2,Seattle Central Library,15,50,31,2.4348391949919734,1.5129384654313576,53,33,2900,2,1500000US530330029002,Block Group 2,BG,330573,0,1710.0,152066.0,50.7
530330029003,custom_0,53,53033,002900,3,Seattle Central Library,15,50,31,2.222987594921419,1.3813000248439171,53,33,2900,3,1500000US530330029003,Block Group 3,BG,294900,0,1213.0,92003.0,38.2
530330030001,custom_0,53,53033,003000,1,Seattle Central Library,15,50,31,2.151718520400331,1.3370154887396741,53,33,3000,1,1500000US530330030001,Block Group 1,BG,410778,0,1699.0,135500.0,45.8
530330030002,custom_0,53,53033,003000,2,Seattle Central Library,15,50,31,2.3010791091258302,1.4298238271166264,53,33,3000,2,1500000US530330030002,Block Group 2,BG,366896,0,1378.0,91993.0,38.7
530330030003,custom_0,53,53033,003000,3,Seattle Central Library,15,50,31,1.7810071757678194,1.1066662098140256,53,33,3000,3,1500000US530330030003,Block Group 3,BG,390771,0,1607.0,109187.0,33.6
530330030004,custom_0,53,53033,003000,4,Seattle Central Library,15,50,31,1.655777182986896,1.0288519239697504,53,33,3000,4,1500000US530330030004,Block Group 4,BG,324804,0,1659.0,180694.0,38.4
530330031001,custom_0,53,53033,003100,1,Seattle Central Library,15,50,31,2.1486244540250183,1.3350929256219797,53,33,3100,1,1500000US530330031001,Block Group 1,BG,305807,0,1012.0,146597.0,43.1
530330031002,custom_0,53,53033,003100,2,Seattle Central Library,15,50,31,2.1048735759385413,1.3079073987545073,53,33,3100,2,1500000US530330031002,Block Group 2,BG,310414,0,1483.0,165869.0,37.6
530330031003,custom_0,53,53033,003100,3,Seattle Central Library,15,50,31,1.5509211170346284,0.9636974054129241,53,33,3100,3,1500000US530330031003,Block Group 3,BG,295570,0,1449.0,164063.0,46.4
530330031004,custom_0,53,53033,003100,4,Seattle Central Library,15,50,31,1.6879476981537915,1.0488417491495197,53,33,3100,4,1500000US530330031004,Block Group 4,BG,384773,0,1093.0,231406.0,45.0
530330031005,custom_0,53,53033,003100,5,Seattle Central Library,15,50,31,2.5274653367615687,1.5704936637688727,53,33,3100,5,1500000US530330031005,Block Group 5,BG,940169,472744,1829.0,124804.0,37.8
530330032011,custom_0,53,53033,003201,1,Seattle Central Library,15,50,31,0.8929031646212167,0.55482413230385,53,33,3201,1,1500000US530330032011,Block Group 1,BG,398383,263388,1255.0,167188.0,38.3
530330032012,custom_0,53,53033,003201,2,Seattle Central Library,15,50,31,1.851872971061151,1.1507001599012385,53,33,3201,2,1500000US530330032012,Block Group 2,BG,654289,1090912,1733.0,114778.0,49.9
530330032013,custom_0,53,53033,003201,3,Seattle Central Library,15,50,31,0.5752788126224435,0.35746157107802035,53,33,3201,3,1500000US530330032013,Block Group 3,BG,99407,0,1441.0,62017.0,32.6
530330032021,custom_0,53,53033,003202,1,Seattle Central Library,15,50,31,1.1622032350991665,0.7221593863968042,53,33,3202,1,1500000US530330032021,Block Group 1,BG,305709,0,1547.0,148737.0,41.3
530330032022,custom_0,53,53033,003202,2,Seattle Central Library,15,50,31,0.8509668627949528,0.5287661305017626,53,33,3202,2,1500000US530330032022,Block Group 2,BG,274232,0,1985.0,187535.0,34.6
530330032023,custom_0,53,53033,003202,3,Seattle Central Library,15,50,31,1.39416517631237,0.8662938097703936,53,33,3202,3,1500000US530330032023,Block Group 3,BG,376075,0,1237.0,119392.0,42.8
530330033011,custom_0,53,53033,003301,1,Seattle Central Library,15,50,31,0.9843752306129618,0.6116622214212067,53,33,3301,1,1500000US530330033011,Block Group 1,BG,225558,0,1455.0,114860.0,32.8
530330033012,custom_0,53,53033,003301,2,Seattle Central Library,15,50,31,0.5636744345159647,0.35025094704961945,53,33,3301,2,1500000US530330033012,Block Group 2,BG,207779,0,1599.0,136442.0,34.0
530330033013,custom_0,53,53033,003301,3,Seattle Central Library,15,50,31,0.9793514483403627,0.6085405888066995,53,33,3301,3,1500000US530330033013,Block Group 3,BG,235870,0,1667.0,121728.0,32.9
530330033021,custom_0,53,53033,003302,1,Seattle Central Library,15,50,31,1.4077490427980013,0.8747344304724368,53,33,3302,1,1500000US530330033021,Block Group 1,BG,267905,0,1774.0,209821.0,35.7
530330033022,custom_0,53,53033,003302,2,Seattle Central Library,15,50,31,1.0671599378763403,0.6631022377581595,53,33,3302,2,1500000US530330033022,Block Group 2,BG,167560,0,1231.0,122917.0,31.7
530330033023,custom_0,53,53033,003302,3,Seattle Central Library,15,50,31,1.1372937628233792,0.706681362699326,53,33,3302,3,1500000US530330033023,Block Group 3,BG,191606,0,1029.0,101071.0,32.3
530330034001,custom_0,53,53033,003400,1,Seattle Central Library,15,50,31,1.719838095134438,1.068657517011781,53,33,3400,1,1500000US530330034001,Block Group 1,BG,263176,0,1005.0,111250.0,42.8
530330034002,custom_0,53,53033,003400,2,Seattle Central Library,15,50,31,1.9062157530362438,1.1844671886798839,53,33,3400,2,1500000US530330034002,Block Group 2,BG,253968,0,1680.0,199531.0,38.5
530330034003,custom_0,53,53033,003400,3,Seattle Central Library,15,50,31,1.6266855681565149,1.0107752381709818,53,33,3400,3,1500000US530330034003,Block Group 3,BG,270017,0,967.0,110781.0,39.4
530330035001,custom_0,53,53033,003500,1,Seattle Central Library,15,50,31,2.57903432705022,1.6025371388335221,53,33,3500,1,1500000US530330035001,Block Group 1,BG,338041,0,1509.0,123625.0,38.6
530330035002,custom_0,53,53033,003500,2,Seattle Central Library,15,50,31,2.4203984951848834,1.5039654333515262,53,33,3500,2,1500000US530330035002,Block Group 2,BG,345931,0,1459.0,116544.0,36.7
530330035003,custom_0,53,53033,003500,3,Seattle Central Library,15,50,31,2.3182083500906168,1.4404674407041567,53,33,3500,3,1500000US530330035003,Block Group 3,BG,600773,0,1285.0,94856.0,45.3
530330036011,custom_0,53,53033,003601,1,Seattle Central Library,15,50,31,1.5191051066759051,0.9439278592403139,53,33,3601,1,1500000US530330036011,Block Group 1,BG,245778,0,892.0,114022.0,43.6
530330036012,custom_0,53,53033,003601,2,Seattle Central Library,15,50,31,1.898922073743786,1.17993510788425,53,33,3601,2,1500000US530330036012,Block Group 2,BG,320721,0,1591.0,78029.0,44.9
530330036013,custom_0,53,53033,003601,3,Seattle Central Library,15,50,31,2.0317936253211015,1.2624976367593983,53,33,3601,3,1500000US530330036013,Block Group 3,BG,107640,0,1164.0,107768.0,48.4
530330036021,custom_0,53,53033,003602,1,Seattle Central Library,15,50,31,1.9862081517584202,1.2341721454662813,53,33,3602,1,1500000US530330036021,Block Group 1,BG,170288,0,1560.0,115103.0,29.5
530330036022,custom_0,53,53033,003602,2,Seattle Central Library,15,50,31,2.3983860627150717,1.4902875461753269,53,33,3602,2,1500000US530330036022,Block Group 2,BG,134661,0,1132.0,112917.0,31.2
530330036023,custom_0,53,53033,003602,3,Seattle Central Library,15,50,31,2.171309586509351,1.349188809078902,53,33,3602,3,1500000US530330036023,Block Group 3,BG,217377,0,1287.0,65833.0,30.3
530330038001,custom_0,53,53033,003800,1,Seattle Central Library,15,50,31,2.5279835341703825,1.5708156566109848,53,33,3800,1,1500000US530330038001,Block Group 1,BG,345802,0,1308.0,125114.0,30.5
530330038002,custom_0,53,53033,003800,2,Seattle Central Library,15,50,31,2.3208454835602734,1.4421060789653306,53,33,3800,2,1500000US530330038002,Block Group 2,BG,278804,0,1173.0,145938.0,31.8
530330039001,custom_0,53,53033,003900,1,Seattle Central Library,15,50,31,2.9433898695681995,1.8289371066434617,53,33,3900,1,1500000US530330039001,Block Group 1,BG,569044,0,1927.0,150000.0,38.1
530330039002,custom_0,53,53033,003900,2,Seattle Central Library,15,50,31,3.355037412369983,2.0847229519617487,53,33,3900,2,1500000US530330039002,Block Group 2,BG,404764,0,1210.0,172895.0,42.2
530330041012,custom_0,53,53033,004101,2,Seattle Central Library,15,50,31,3.102836203001172,1.928012434295041,53,33,4101,2,1500000US530330041012,Block Group 2,BG,622415,1117129,1917.0,250001.0,45.6
530330041013,custom_0,53,53033,004101,3,Seattle Central Library,15,50,31,2.256154241972708,1.4019088174888237,53,33,4101,3,1500000US530330041013,Block Group 3,BG,479191,0,1146.0,188423.0,34.8
530330041022,custom_0,53,53033,004102,2,Seattle Central Library,15,50,31,2.724390780465217,1.6928574236484524,53,33,4102,2,1500000US530330041022,Block Group 2,BG,531267,0,1191.0,229524.0,44.6
530330042012,custom_0,53,53033,004201,2,Seattle Central Library,15,50,31,2.613249817841786,1.6237976525621685,53,33,4201,2,1500000US530330042012,Block Group 2,BG,326846,0,809.0,173056.0,35.9
530330042013,custom_0,53,53033,004201,3,Seattle Central Library,15,50,31,2.6842828276501085,1.6679355048997755,53,33,4201,3,1500000US530330042013,Block Group 3,BG,384372,0,1108.0,196453.0,44.9
530330042021,custom_0,53,53033,004202,1,Seattle Central Library,15,50,31,1.783855186225801,1.108435880920312,53,33,4202,1,1500000US530330042021,Block Group 1,BG,513667,0,1492.0,115156.0,37.3
530330042022,custom_0,53,53033,004202,2,Seattle Central Library,15,50,31,2.2382460041356094,1.3907811578357478,53,33,4202,2,1500000US530330042022,Block Group 2,BG,337822,0,1709.0,185799.0,44.2
530330042023,custom_0,53,53033,004202,3,Seattle Central Library,15,50,31,1.9615432927311658,1.2188461173476572,53,33,4202,3,1500000US530330042023,Block Group 3,BG,369488,0,1590.0,188784.0,37.7
530330043011,custom_0,53,53033,004301,1,Seattle Central Library,15,50,31,1.2597872285218132,0.7827952499738277,53,33,4301,1,1500000US530330043011,Block Group 1,BG,344436,0,1295.0,54044.0,21.4
530330043012,custom_0,53,53033,004301,2,Seattle Central Library,15,50,31,1.6644195581140286,1.034222045244872,53,33,4301,2,1500000US530330043012,Block Group 2,BG,261486,0,1363.0,178125.0,34.8
530330043013,custom_0,53,53033,004301,3,Seattle Central Library,15,50,31,1.4064858303507006,0.8739495068908452,53,33,4301,3,1500000US530330043013,Block Group 3,BG,373314,0,1023.0,127875.0,42.0
530330043021,custom_0,53,53033,004302,1,Seattle Central Library,15,50,31,0.9818487295842264,0.6100923269504803,53,33,4302,1,1500000US530330043021,Block Group 1,BG,156837,0,973.0,44850.0,31.8
530330043022,custom_0,53,53033,004302,2,Seattle Central Library,15,50,31,0.7225621121307142,0.44897914217677404,53,33,4302,2,1500000US530330043022,Block Group 2,BG,72091,0,2001.0,-666666666.0,21.3
530330043023,custom_0,53,53033,004302,3,Seattle Central Library,15,50,31,0.8151392539122774,0.5065038933427257,53,33,4302,3,1500000US530330043023,Block Group 3,BG,102209,0,1471.0,34235.0,21.8
530330044011,custom_0,53,53033,004401,1,Seattle Central Library,15,50,31,1.0797050693758574,0.6708974186631459,53,33,4401,1,1500000US530330044011,Block Group 1,BG,328385,0,1526.0,137879.0,28.1
530330044012,custom_0,53,53033,004401,2,Seattle Central Library,15,50,31,1.432238903569832,0.88995171975009,53,33,4401,2,1500000US530330044012,Block Group 2,BG,253394,0,1145.0,189531.0,37.4
530330044013,custom_0,53,53033,004401,3,Seattle Central Library,15,50,31,0.6350452957864754,0.394598730488138,53,33,4401,3,1500000US530330044013,Block Group 3,BG,113140,0,1172.0,75896.0,23.3
530330044021,custom_0,53,53033,004402,1,Seattle Central Library,15,50,31,0.5655898349040616,0.35144112130417166,53,33,4402,1,1500000US530330044021,Block Group 1,BG,108274,0,1360.0,37973.0,24.5
530330044022,custom_0,53,53033,004402,2,Seattle Central Library,15,50,31,0.9617346781949707,0.5975940387246872,53,33,4402,2,1500000US530330044022,Block Group 2,BG,129054,0,1071.0,117813.0,26.7
530330044023,custom_0,53,53033,004402,3,Seattle Central Library,15,50,31,0.6833994247304317,0.4246445839441731,53,33,4402,3,1500000US530330044023,Block Group 3,BG,57660,0,827.0,61641.0,27.2
530330045001,custom_0,53,53033,004500,1,Seattle Central Library,15,50,31,0.9130996350615148,0.5673736333378085,53,33,4500,1,1500000US530330045001,Block Group 1,BG,275814,0,1326.0,75313.0,22.3
530330045002,custom_0,53,53033,004500,2,Seattle Central Library,15,50,31,1.179381291061414,0.732833332208122,53,33,4500,2,1500000US530330045002,Block Group 2,BG,395183,0,2148.0,178750.0,32.8
530330046001,custom_0,53,53033,004600,1,Seattle Central Library,15,50,31,2.453560634625393,1.524571425097815,53,33,4600,1,1500000US530330046001,Block Group 1,BG,1069997,1033232,1186.0,121142.0,38.6
530330046002,custom_0,53,53033,004600,2,Seattle Central Library,15,50,31,1.7149545144454372,1.0656230015954757,53,33,4600,2,1500000US530330046002,Block Group 2,BG,264468,0,1419.0,190917.0,31.5
530330046003,custom_0,53,53033,004600,3,Seattle Central Library,15,50,31,1.5522880175472666,0.9645467577513627,53,33,4600,3,1500000US530330046003,Block Group 3,BG,217893,0,885.0,109444.0,35.8
530330047011,custom_0,53,53033,004701,1,Seattle Central Library,15,50,31,0.3257204366103863,0.20239323341703236,53,33,4701,1,1500000US530330047011,Block Group 1,BG,98439,0,700.0,150223.0,37.1
530330047012,custom_0,53,53033,004701,2,Seattle Central Library,15,50,31,0.42259547121332547,0.26258857054329526,53,33,4701,2,1500000US530330047012,Block Group 2,BG,344873,176916,1535.0,72639.0,33.6
530330047013,custom_0,53,53033,004701,3,Seattle Central Library,15,50,31,0.17917550400236137,0.11133446209745129,53,33,4701,3,1500000US530330047013,Block Group 3,BG,128081,0,1081.0,85972.0,33.9
530330047021,custom_0,53,53033,004702,1,Seattle Central Library,15,50,31,0.5283473890048634,0.328299745453341,53,33,4702,1,1500000US530330047021,Block Group 1,BG,138058,0,914.0,130469.0,29.8
530330047022,custom_0,53,53033,004702,2,Seattle Central Library,15,50,31,0.5200371659853789,0.32313601386550084,53,33,4702,2,1500000US530330047022,Block Group 2,BG,67918,0,1448.0,77250.0,32.2
530330047023,custom_0,53,53033,004702,3,Seattle Central Library,15,50,31,0.2372353462821198,0.14741116435466708,53,33,4702,3,1500000US530330047023,Block Group 3,BG,60438,0,931.0,100905.0,32.0
530330047031,custom_0,53,53033,004703,1,Seattle Central Library,15,50,31,1.0140457343760547,0.6300986120149835,53,33,4703,1,1500000US530330047031,Block Group 1,BG,254940,0,952.0,65859.0,44.3
530330047032,custom_0,53,53033,004703,2,Seattle Central Library,15,50,31,0.7047710431273482,0.4379242878390835,53,33,4703,2,1500000US530330047032,Block Group 2,BG,407361,0,1788.0,125083.0,27.8
530330047033,custom_0,53,53033,004703,3,Seattle Central Library,15,50,31,1.2426307189263754,0.7721346924500009,53,33,4703,3,1500000US530330047033,Block Group 3,BG,526330,155567,1093.0,166052.0,29.9
530330048001,custom_0,53,53033,004800,1,Seattle Central Library,15,50,31,1.7933112297823073,1.114311592161062,53,33,4800,1,1500000US530330048001,Block Group 1,BG,276855,0,950.0,160167.0,39.7
530330048002,custom_0,53,53033,004800,2,Seattle Central Library,15,50,31,2.103177760032245,1.3068536679289962,53,33,4800,2,1500000US530330048002,Block Group 2,BG,294983,0,1451.0,137115.0,43.3
530330048003,custom_0,53,53033,004800,3,Seattle Central Library,15,50,31,2.226108936978725,1.3832395362794072,53,33,4800,3,1500000US530330048003,Block Group 3,BG,419711,26886,1545.0,123393.0,30.8
530330048004,custom_0,53,53033,004800,4,Seattle Central Library,15,50,31,1.5183943359821763,0.9434862069435809,53,33,4800,4,1500000US530330048004,Block Group 4,BG,286780,0,1093.0,-666666666.0,30.9
530330049011,custom_0,53,53033,004901,1,Seattle Central Library,15,50,31,2.44437122687244,1.518861393612955,53,33,4901,1,1500000US530330049011,Block Group 1,BG,196185,0,1334.0,107171.0,33.6
530330049012,custom_0,53,53033,004901,2,Seattle Central Library,15,50,31,2.4243854993206835,1.5064428420983924,53,33,4901,2,1500000US530330049012,Block Group 2,BG,159737,0,1880.0,111642.0,34.4
530330049013,custom_0,53,53033,004901,3,Seattle Central Library,15,50,31,2.6862107737209335,1.6691334746777502,53,33,4901,3,1500000US530330049013,Block Group 3,BG,141222,0,912.0,133487.0,30.1
530330049021,custom_0,53,53033,004902,1,Seattle Central Library,15,50,31,2.8312111032545038,1.7592324744403542,53,33,4902,1,1500000US530330049021,Block Group 1,BG,314917,0,1597.0,99201.0,34.0
530330049022,custom_0,53,53033,004902,2,Seattle Central Library,15,50,31,3.047098073173741,1.8933783768260406,53,33,4902,2,1500000US530330049022,Block Group 2,BG,282687,17368,1644.0,121793.0,29.9
530330050001,custom_0,53,53033,005000,1,Seattle Central Library,15,50,31,2.054515369749576,1.2766162698166639,53,33,5000,1,1500000US530330050001,Block Group 1,BG,390406,0,1753.0,137917.0,33.8
530330050002,custom_0,53,53033,005000,2,Seattle Central Library,15,50,31,2.145364077028883,1.333067021907514,53,33,5000,2,1500000US530330050002,Block Group 2,BG,211941,0,814.0,84816.0,27.9
530330050003,custom_0,53,53033,005000,3,Seattle Central Library,15,50,31,2.3033970147609497,1.4312641064590261,53,33,5000,3,1500000US530330050003,Block Group 3,BG,155033,0,1790.0,109375.0,31.3
530330051001,custom_0,53,53033,005100,1,Seattle Central Library,15,50,31,1.4061425026541787,0.8737361730167297,53,33,5100,1,1500000US530330051001,Block Group 1,BG,320557,0,1543.0,87202.0,32.9
530330051002,custom_0,53,53033,005100,2,Seattle Central Library,15,50,31,1.4356118211321476,0.8920475529087036,53,33,5100,2,1500000US530330051002,Block Group 2,BG,318857,0,1179.0,186250.0,42.7
530330051003,custom_0,53,53033,005100,3,Seattle Central Library,15,50,31,1.6233081588144749,1.008676613950709,53,33,5100,3,1500000US530330051003,Block Group 3,BG,242317,0,1109.0,162500.0,36.9
530330052011,custom_0,53,53033,005201,1,Seattle Central Library,15,50,31,1.0233608210007463,0.6358867367060548,53,33,5201,1,1500000US530330052011,Block Group 1,BG,297738,73218,1572.0,115208.0,27.8
530330052012,custom_0,53,53033,005201,2,Seattle Central Library,15,50,31,0.8961520519014664,0.5568428966420661,53,33,5201,2,1500000US530330052012,Block Group 2,BG,261961,0,1189.0,-666666666.0,34.2
530330052013,custom_0,53,53033,005201,3,Seattle Central Library,15,50,31,0.49693584546539044,0.3087815232326751,53,33,5201,3,1500000US530330052013,Block Group 3,BG,140002,0,1050.0,50710.0,26.9
530330052021,custom_0,53,53033,005202,1,Seattle Central Library,15,50,31,0.47814291625108574,0.2971041420138534,53,33,5202,1,1500000US530330052021,Block Group 1,BG,69966,0,1118.0,79750.0,25.9
530330052022,custom_0,53,53033,005202,2,Seattle Central Library,15,50,31,0.8232724533809095,0.5115576276297491,53,33,5202,2,1500000US530330052022,Block Group 2,BG,117304,19268,1002.0,41018.0,24.4
530330052023,custom_0,53,53033,005202,3,Seattle Central Library,15,50,31,0.5872217631747215,0.3648825742056399,53,33,5202,3,1500000US530330052023,Block Group 3,BG,81964,0,882.0,38799.0,22.6
530330053031,custom_0,53,53033,005303,1,Seattle Central Library,15,50,31,1.13430169997051,0.7048221816123758,53,33,5303,1,1500000US530330053031,Block Group 1,BG,388634,193147,1487.0,-666666666.0,20.4
530330053032,custom_0,53,53033,005303,2,Seattle Central Library,15,50,31,1.3497936918691682,0.838722656110437,53,33,5303,2,1500000US530330053032,Block Group 2,BG,2044209,556029,2209.0,-666666666.0,19.1
530330053041,custom_0,53,53033,005304,1,Seattle Central Library,15,50,31,0.6389337128757853,0.3970148801033396,53,33,5304,1,1500000US530330053041,Block Group 1,BG,27701,0,1620.0,-666666666.0,18.9
530330053042,custom_0,53,53033,005304,2,Seattle Central Library,15,50,31,0.5677713269252908,0.35279663718289483,53,33,5304,2,1500000US530330053042,Block Group 2,BG,45329,0,1887.0,21042.0,19.5
530330053051,custom_0,53,53033,005305,1,Seattle Central Library,15,50,31,0.24836206794481358,0.15432498652093676,53,33,5305,1,1500000US530330053051,Block Group 1,BG,129587,0,1206.0,22443.0,23.3
530330053052,custom_0,53,53033,005305,2,Seattle Central Library,15,50,31,0.3258313435588629,0.2024621477785142,53,33,5305,2,1500000US530330053052,Block Group 2,BG,83380,0,849.0,36853.0,23.1
530330053061,custom_0,53,53033,005306,1,Seattle Central Library,15,50,31,0.203187590901469,0.1262548765460367,53,33,5306,1,1500000US530330053061,Block Group 1,BG,135736,0,1609.0,30938.0,22.4
530330053062,custom_0,53,53033,005306,2,Seattle Central Library,15,50,31,0.28163355806990076,0.1749989256114523,53,33,5306,2,1500000US530330053062,Block Group 2,BG,64753,0,1879.0,38724.0,25.6
530330053071,custom_0,53,53033,005307,1,Seattle Central Library,15,50,31,0.33701026883862,0.20940840775852215,53,33,5307,1,1500000US530330053071,Block Group 1,BG,40244,0,704.0,-666666666.0,19.9
530330053072,custom_0,53,53033,005307,2,Seattle Central Library,15,50,31,0.41713997797118196,0.2591986852519313,53,33,5307,2,1500000US530330053072,Block Group 2,BG,34520,0,970.0,41607.0,20.2
530330053073,custom_0,53,53033,005307,3,Seattle Central Library,15,50,31,0.5186282176257058,0.3222605342143024,53,33,5307,3,1500000US530330053073,Block Group 3,BG,55266,0,1516.0,36195.0,20.5
530330054011,custom_0,53,53033,005401,1,Seattle Central Library,15,50,31,2.5335643742244818,1.5742834287762404,53,33,5401,1,1500000US530330054011,Block Group 1,BG,101558,0,1150.0,108843.0,27.8
530330054012,custom_0,53,53033,005401,2,Seattle Central Library,15,50,31,2.1300103088551956,1.3235266356236617,53,33,5401,2,1500000US530330054012,Block Group 2,BG,351293,296215,899.0,143919.0,31.6
530330054013,custom_0,53,53033,005401,3,Seattle Central Library,15,50,31,2.6215408931474524,1.6289494863159257,53,33,5401,3,1500000US530330054013,Block Group 3,BG,303388,319011,1084.0,125119.0,32.9
530330054021,custom_0,53,53033,005402,1,Seattle Central Library,15,50,31,2.05599059294053,1.2775329307260501,53,33,5402,1,1500000US530330054021,Block Group 1,BG,221726,0,1580.0,110067.0,36.4
530330054022,custom_0,53,53033,005402,2,Seattle Central Library,15,50,31,2.23626882883226,1.3895525984403303,53,33,5402,2,1500000US530330054022,Block Group 2,BG,124593,0,796.0,104208.0,33.4
530330054023,custom_0,53,53033,005402,3,Seattle Central Library,15,50,31,2.5011781977338203,1.5541595979040617,53,33,5402,3,1500000US530330054023,Block Group 3,BG,117581,0,700.0,89118.0,30.6
530330056001,custom_0,53,53033,005600,1,Seattle Central Library,15,50,31,2.751834405078772,1.7099100961182017,53,33,5600,1,1500000US530330056001,Block Group 1,BG,475349,0,1761.0,157614.0,40.1
530330056002,custom_0,53,53033,005600,2,Seattle Central Library,15,50,31,3.1810053978825055,1.9765845050876503,53,33,5600,2,1500000US530330056002,Block Group 2,BG,715282,333688,1254.0,183984.0,47.4
530330056003,custom_0,53,53033,005600,3,Seattle Central Library,15,50,31,3.798825066543801,2.360479730423388,53,33,5600,3,1500000US530330056003,Block Group 3,BG,875629,1212796,1544.0,189097.0,56.9
530330056004,custom_0,53,53033,005600,4,Seattle Central Library,15,50,31,3.3036749257539277,2.052807792290644,53,33,5600,4,1500000US530330056004,Block Group 4,BG,450883,0,1292.0,159671.0,45.6
530330056005,custom_0,53,53033,005600,5,Seattle Central Library,15,50,31,3.638934817587337,2.2611285665390612,53,33,5600,5,1500000US530330056005,Block Group 5,BG,505642,0,1225.0,196633.0,42.2
530330057001,custom_0,53,53033,005700,1,Seattle Central Library,15,50,31,2.523239895248134,1.5678680969502283,53,33,5700,1,1500000US530330057001,Block Group 1,BG,3337110,2291291,1659.0,161311.0,34.3
530330057002,custom_0,53,53033,005700,2,Seattle Central Library,15,50,31,2.4275346481753077,1.508399631871339,53,33,5700,2,1500000US530330057002,Block Group 2,BG,395843,0,970.0,188122.0,33.0
530330057003,custom_0,53,53033,005700,3,Seattle Central Library,15,50,31,2.9603652991615728,1.8394851463053257,53,33,5700,3,1500000US530330057003,Block Group 3,BG,536716,0,1297.0,156947.0,44.5
530330057004,custom_0,53,53033,005700,4,Seattle Central Library,15,50,31,2.094001453849772,1.3011517773800867,53,33,5700,4,1500000US530330057004,Block Group 4,BG,382395,0,1333.0,121786.0,45.0
530330057005,custom_0,53,53033,005700,5,Seattle Central Library,15,50,31,1.3975816850017317,0.868416729191211,53,33,5700,5,1500000US530330057005,Block Group 5,BG,433576,74515,1338.0,121953.0,39.9
530330058011,custom_0,53,53033,005801,1,Seattle Central Library,15,50,31,1.934175066139754,1.2018402950223253,53,33,5801,1,1500000US530330058011,Block Group 1,BG,212762,0,1680.0,188438.0,36.0
530330058012,custom_0,53,53033,005801,2,Seattle Central Library,15,50,31,2.000347927000089,1.2429581917479722,53,33,5801,2,1500000US530330058012,Block Group 2,BG,211615,0,1593.0,109420.0,32.7
530330058013,custom_0,53,53033,005801,3,Seattle Central Library,15,50,31,1.5829174894426659,0.9835790233324787,53,33,5801,3,1500000US530330058013,Block Group 3,BG,338261,0,1688.0,127917.0,40.1
530330058014,custom_0,53,53033,005801,4,Seattle Central Library,15,50,31,1.3165815695661351,0.818085606462879,53,33,5801,4,1500000US530330058014,Block Group 4,BG,1059727,260223,1327.0,119083.0,30.8
530330058031,custom_0,53,53033,005803,1,Seattle Central Library,15,50,31,2.4893150629315937,1.5467881899688674,53,33,5803,1,1500000US530330058031,Block Group 1,BG,392336,0,1993.0,147582.0,33.9
530330058032,custom_0,53,53033,005803,2,Seattle Central Library,15,50,31,3.214065996490979,1.997127402305596,53,33,5803,2,1500000US530330058032,Block Group 2,BG,439761,0,1275.0,129808.0,39.9
530330058041,custom_0,53,53033,005804,1,Seattle Central Library,15,50,31,3.795142389117368,2.358191421468248,53,33,5804,1,1500000US530330058041,Block Group 1,BG,2113989,1169687,1166.0,89234.0,32.8
530330058042,custom_0,53,53033,005804,2,Seattle Central Library,15,50,31,3.146292191517139,1.9550147253351962,53,33,5804,2,1500000US530330058042,Block Group 2,BG,220454,0,1153.0,71935.0,37.7
530330059011,custom_0,53,53033,005901,1,Seattle Central Library,15,50,31,1.8004635769779676,1.1187558532903767,53,33,5901,1,1500000US530330059011,Block Group 1,BG,402028,173882,1602.0,115550.0,32.2
530330059012,custom_0,53,53033,005901,2,Seattle Central Library,15,50,31,2.6237744877781997,1.6303373772452276,53,33,5901,2,1500000US530330059012,Block Group 2,BG,192137,0,1159.0,216250.0,20.1
530330059013,custom_0,53,53033,005901,3,Seattle Central Library,15,50,31,2.2721703163985687,1.411860741670895,53,33,5901,3,1500000US530330059013,Block Group 3,BG,184220,0,1262.0,146618.0,20.8
530330059021,custom_0,53,53033,005902,1,Seattle Central Library,15,50,31,2.6302916121359385,1.6343869293245203,53,33,5902,1,1500000US530330059021,Block Group 1,BG,265374,0,1960.0,162321.0,31.4
530330059022,custom_0,53,53033,005902,2,Seattle Central Library,15,50,31,2.711221743737585,1.684674566127967,53,33,5902,2,1500000US530330059022,Block Group 2,BG,320207,0,1107.0,209054.0,42.8
530330059023,custom_0,53,53033,005902,3,Seattle Central Library,15,50,31,3.1305281506629923,1.9452194075056142,53,33,5902,3,1500000US530330059023,Block Group 3,BG,437395,0,1119.0,104432.0,35.2
530330060001,custom_0,53,53033,006000,1,Seattle Central Library,15,50,31,2.856882909121619,1.7751841901238095,53,33,6000,1,1500000US530330060001,Block Group 1,BG,251142,92340,1442.0,100294.0,30.6
530330060002,custom_0,53,53033,006000,2,Seattle Central Library,15,50,31,3.3947039116080773,2.1093705642598226,53,33,6000,2,1500000US530330060002,Block Group 2,BG,425237,21082,1483.0,248491.0,36.9
530330060003,custom_0,53,53033,006000,3,Seattle Central Library,15,50,31,3.3679548772250483,2.0927494900162054,53,33,6000,3,1500000US530330060003,Block Group 3,BG,387902,0,1695.0,120444.0,42.1
530330060004,custom_0,53,53033,006000,4,Seattle Central Library,15,50,31,2.9228523919607188,1.8161757136450238,53,33,6000,4,1500000US530330060004,Block Group 4,BG,276372,47332,1560.0,64382.0,29.9
530330061001,custom_0,53,53033,006100,1,Seattle Central Library,15,50,31,1.4635230377907533,0.9093907735150782,53,33,6100,1,1500000US530330061001,Block Group 1,BG,290312,104831,1621.0,141172.0,34.3
530330061002,custom_0,53,53033,006100,2,Seattle Central Library,15,50,31,2.0314256740400976,1.2622690025039696,53,33,6100,2,1500000US530330061002,Block Group 2,BG,458573,157902,1077.0,122683.0,42.3
530330061003,custom_0,53,53033,006100,3,Seattle Central Library,15,50,31,2.1091431384320525,1.310560381070663,53,33,6100,3,1500000US530330061003,Block Group 3,BG,114252,59237,635.0,130476.0,35.7
530330061004,custom_0,53,53033,006100,4,Seattle Central Library,15,50,31,1.6988798481376588,1.0556346701171453,53,33,6100,4,1500000US530330061004,Block Group 4,BG,154162,139673,1066.0,142841.0,34.4
530330061005,custom_0,53,53033,006100,5,Seattle Central Library,15,50,31,2.417262708790474,1.5020169466238456,53,33,6100,5,1500000US530330061005,Block Group 5,BG,210152,191100,1259.0,94833.0,42.1
530330062001,custom_0,53,53033,006200,1,Seattle Central Library,15,50,31,2.7370061314341023,1.7006962368953396,53,33,6200,1,1500000US530330062001,Block Group 1,BG,1266045,164109,1403.0,228125.0,43.4
530330062002,custom_0,53,53033,006200,2,Seattle Central Library,15,50,31,2.222934931712711,1.3812673014532588,53,33,6200,2,1500000US530330062002,Block Group 2,BG,564478,75247,1793.0,160288.0,43.3
530330062003,custom_0,53,53033,006200,3,Seattle Central Library,15,50,31,1.9131245891522883,1.1887601390861466,53,33,6200,3,1500000US530330062003,Block Group 3,BG,606903,0,1070.0,250001.0,48.6
530330063001,custom_0,53,53033,006300,1,Seattle Central Library,15,50,31,3.2878872026877413,2.0429977590212847,53,33,6300,1,1500000US530330063001,Block Group 1,BG,417976,358475,1907.0,220625.0,37.3
530330063002,custom_0,53,53033,006300,2,Seattle Central Library,15,50,31,2.8505432855310104,1.7712449318736896,53,33,6300,2,1500000US530330063002,Block Group 2,BG,1424479,49429,1110.0,-666666666.0,50.2
530330063004,custom_0,53,53033,006300,4,Seattle Central Library,15,50,31,3.833046782417481,2.3817441122375325,53,33,6300,4,1500000US530330063004,Block Group 4,BG,555263,1650325,1377.0,167143.0,39.7
530330064001,custom_0,53,53033,006400,1,Seattle Central Library,15,50,31,1.8038818916897101,1.120879894921127,53,33,6400,1,1500000US530330064001,Block Group 1,BG,300711,0,1118.0,153929.0,31.7
530330064002,custom_0,53,53033,006400,2,Seattle Central Library,15,50,31,1.1928326812336745,0.7411916359708496,53,33,6400,2,1500000US530330064002,Block Group 2,BG,232532,0,1123.0,195313.0,46.4
530330064003,custom_0,53,53033,006400,3,Seattle Central Library,15,50,31,1.4688938476236797,0.9127280389917735,53,33,6400,3,1500000US530330064003,Block Group 3,BG,370406,0,1391.0,161389.0,46.7
530330065001,custom_0,53,53033,006500,1,Seattle Central Library,15,50,31,1.485653301900825,0.9231418778554175,53,33,6500,1,1500000US530330065001,Block Group 1,BG,715845,0,1530.0,161426.0,37.8
530330065002,custom_0,53,53033,006500,2,Seattle Central Library,15,50,31,0.7170319766852223,0.4455428763848733,53,33,6500,2,1500000US530330065002,Block Group 2,BG,259055,0,1555.0,105435.0,34.9
530330065003,custom_0,53,53033,006500,3,Seattle Central Library,15,50,31,0.7083917802024744,0.44017410885619174,53,33,6500,3,1500000US530330065003,Block Group 3,BG,172719,0,1730.0,127083.0,38.3
530330066001,custom_0,53,53033,006600,1,Seattle Central Library,15,50,31,1.4848379735548718,0.9226352564657643,53,33,6600,1,1500000US530330066001,Block Group 1,BG,541906,637329,742.0,103676.0,32.1
530330066002,custom_0,53,53033,006600,2,Seattle Central Library,15,50,31,2.0985506804820555,1.3039785348818154,53,33,6600,2,1500000US530330066002,Block Group 2,BG,189817,193810,2239.0,139101.0,30.3
530330066003,custom_0,53,53033,006600,3,Seattle Central Library,15,50,31,1.2460434026795797,0.7742552351664131,53,33,6600,3,1500000US530330066003,Block Group 3,BG,385386,0,1353.0,130781.0,30.0
530330067011,custom_0,53,53033,006701,1,Seattle Central Library,15,50,31,1.9624670455616693,1.2194201105677,53,33,6701,1,1500000US530330067011,Block Group 1,BG,49222,0,931.0,180172.0,31.0
530330067012,custom_0,53,53033,006701,2,Seattle Central Library,15,50,31,1.7794858562286857,1.1057209059706747,53,33,6701,2,1500000US530330067012,Block Group 2,BG,136921,53976,1390.0,181127.0,28.6
530330067013,custom_0,53,53033,006701,3,Seattle Central Library,15,50,31,2.226576346394375,1.3835299709354192,53,33,6701,3,1500000US530330067013,Block Group 3,BG,194113,51465,1090.0,107375.0,27.4
530330067021,custom_0,53,53033,006702,1,Seattle Central Library,15,50,31,2.2355083972364795,1.3890800882992285,53,33,6702,1,1500000US530330067021,Block Group 1,BG,122349,0,1049.0,70927.0,37.3
530330067022,custom_0,53,53033,006702,2,Seattle Central Library,15,50,31,1.685130488713324,1.0470912169022868,53,33,6702,2,1500000US530330067022,Block Group 2,BG,63911,0,906.0,179743.0,31.4
530330067023,custom_0,53,53033,006702,3,Seattle Central Library,15,50,31,1.9945841408826577,1.239376742204398,53,33,6702,3,1500000US530330067023,Block Group 3,BG,118488,0,967.0,114553.0,28.9
530330067031,custom_0,53,53033,006703,1,Seattle Central Library,15,50,31,2.7578290133634287,1.7136349718626471,53,33,6703,1,1500000US530330067031,Block Group 1,BG,268738,0,862.0,94796.0,43.9
530330067032,custom_0,53,53033,006703,2,Seattle Central Library,15,50,31,2.3937899874250066,1.4874316782762638,53,33,6703,2,1500000US530330067032,Block Group 2,BG,173678,0,1048.0,110532.0,32.9
530330067033,custom_0,53,53033,006703,3,Seattle Central Library,15,50,31,2.3726958455250875,1.4743243902297691,53,33,6703,3,1500000US530330067033,Block Group 3,BG,154717,0,1175.0,95525.0,46.6
530330068001,custom_0,53,53033,006800,1,Seattle Central Library,15,50,31,3.0202234160959907,1.8766792442829818,53,33,6800,1,1500000US530330068001,Block Group 1,BG,258681,0,1334.0,156528.0,29.2
530330068002,custom_0,53,53033,006800,2,Seattle Central Library,15,50,31,3.147340427230735,1.955666068608789,53,33,6800,2,1500000US530330068002,Block Group 2,BG,214799,0,961.0,125089.0,36.0
530330068003,custom_0,53,53033,006800,3,Seattle Central Library,15,50,31,3.4565328374606628,2.1477892657457693,53,33,6800,3,1500000US530330068003,Block Group 3,BG,244626,0,1012.0,198313.0,48.6
530330069001,custom_0,53,53033,006900,1,Seattle Central Library,15,50,31,3.47617626365511,2.1599951211236394,53,33,6900,1,1500000US530330069001,Block Group 1,BG,244412,0,1397.0,122857.0,36.2
530330069002,custom_0,53,53033,006900,2,Seattle Central Library,15,50,31,3.847559641380221,2.390761981924069,53,33,6900,2,1500000US530330069002,Block Group 2,BG,318530,0,1977.0,232768.0,34.0
530330069003,custom_0,53,53033,006900,3,Seattle Central Library,15,50,31,3.5936838333501226,2.233010917212599,53,33,6900,3,1500000US530330069003,Block Group 3,BG,342179,0,1524.0,127635.0,43.6
530330070011,custom_0,53,53033,007001,1,Seattle Central Library,15,50,31,3.14908192688479,1.9567481859903288,53,33,7001,1,1500000US530330070011,Block Group 1,BG,214028,0,1725.0,-666666666.0,51.8
530330070012,custom_0,53,53033,007001,2,Seattle Central Library,15,50,31,3.1574477181797858,1.9619464460930918,53,33,7001,2,1500000US530330070012,Block Group 2,BG,69182,0,910.0,62795.0,37.8
530330070013,custom_0,53,53033,007001,3,Seattle Central Library,15,50,31,2.9241200304099007,1.8169633874158304,53,33,7001,3,1500000US530330070013,Block Group 3,BG,75071,0,989.0,51519.0,38.0
530330070021,custom_0,53,53033,007002,1,Seattle Central Library,15,50,31,2.8874211308463207,1.7941597554951092,53,33,7002,1,1500000US530330070021,Block Group 1,BG,116217,0,951.0,70855.0,35.8
530330070022,custom_0,53,53033,007002,2,Seattle Central Library,15,50,31,2.6409286095507243,1.6409964510451431,53,33,7002,2,1500000US530330070022,Block Group 2,BG,192014,0,1522.0,86985.0,38.8
530330070023,custom_0,53,53033,007002,3,Seattle Central Library,15,50,31,2.555908292300254,1.588167291494901,53,33,7002,3,1500000US530330070023,Block Group 3,BG,132790,0,1061.0,66511.0,30.8
530330071011,custom_0,53,53033,007101,1,Seattle Central Library,15,50,31,2.4767488223420604,1.5389798924875084,53,33,7101,1,1500000US530330071011,Block Group 1,BG,100675,0,1330.0,100441.0,27.8
530330071012,custom_0,53,53033,007101,2,Seattle Central Library,15,50,31,2.2993200865727035,1.4287308215137673,53,33,7101,2,1500000US530330071012,Block Group 2,BG,394379,0,1454.0,117845.0,35.6
530330071021,custom_0,53,53033,007102,1,Seattle Central Library,15,50,31,3.05136531235545,1.8960299155036184,53,33,7102,1,1500000US530330071021,Block Group 1,BG,256424,0,1521.0,101641.0,33.9
530330071022,custom_0,53,53033,007102,2,Seattle Central Library,15,50,31,2.756646405350301,1.7129001335389218,53,33,7102,2,1500000US530330071022,Block Group 2,BG,79484,0,1017.0,95481.0,28.3
530330072011,custom_0,53,53033,007201,1,Seattle Central Library,15,50,31,1.5089862515875097,0.9376402961351825,53,33,7201,1,1500000US530330072011,Block Group 1,BG,62224,0,1768.0,-666666666.0,28.8
530330072012,custom_0,53,53033,007201,2,Seattle Central Library,15,50,31,1.7787376092583407,1.1052559670024644,53,33,7201,2,1500000US530330072012,Block Group 2,BG,49810,0,1140.0,-666666666.0,42.4
530330072013,custom_0,53,53033,007201,3,Seattle Central Library,15,50,31,1.5471846800445332,0.9613756918239517,53,33,7201,3,1500000US530330072013,Block Group 3,BG,38710,0,2294.0,198646.0,42.9
530330072021,custom_0,53,53033,007202,1,Seattle Central Library,15,50,31,1.2320485096305325,0.7655592144776336,53,33,7202,1,1500000US530330072021,Block Group 1,BG,64502,0,1388.0,173993.0,31.1
530330072022,custom_0,53,53033,007202,2,Seattle Central Library,15,50,31,0.9845803409529706,0.6117896710382883,53,33,7202,2,1500000US530330072022,Block Group 2,BG,95581,0,387.0,-666666666.0,34.9
530330072023,custom_0,53,53033,007202,3,Seattle Central Library,15,50,31,1.350319864209332,0.8390496043436168,53,33,7202,3,1500000US530330072023,Block Group 3,BG,120502,0,1704.0,207675.0,33.1
530330072031,custom_0,53,53033,007203,1,Seattle Central Library,15,50,31,1.545796974727732,0.9605134119835456,53,33,7203,1,1500000US530330072031,Block Group 1,BG,297220,0,896.0,122419.0,35.2
530330072032,custom_0,53,53033,007203,2,Seattle Central Library,15,50,31,1.9358651533265083,1.2028904661876458,53,33,7203,2,1500000US530330072032,Block Group 2,BG,282411,0,2024.0,119464.0,32.0
530330073011,custom_0,53,53033,007301,1,Seattle Central Library,15,50,31,0.7284946626764746,0.45266545704194366,53,33,7301,1,1500000US530330073011,Block Group 1,BG,124121,0,917.0,77750.0,27.8
530330073012,custom_0,53,53033,007301,2,Seattle Central Library,15,50,31,0.8972446312761091,0.5575217937806672,53,33,7301,2,1500000US530330073012,Block Group 2,BG,56383,0,533.0,60658.0,39.2
530330073013,custom_0,53,53033,007301,3,Seattle Central Library,15,50,31,0.8660186996646091,0.5381189054292979,53,33,7301,3,1500000US530330073013,Block Group 3,BG,70283,0,1208.0,111250.0,27.1
530330073021,custom_0,53,53033,007302,1,Seattle Central Library,15,50,31,0.9696574680128992,0.6025170305566432,53,33,7302,1,1500000US530330073021,Block Group 1,BG,82984,0,1197.0,158220.0,31.8
530330073022,custom_0,53,53033,007302,2,Seattle Central Library,15,50,31,0.9582739730380733,0.5954436569006406,53,33,7302,2,1500000US530330073022,Block Group 2,BG,171418,0,1444.0,75969.0,31.3
530330073023,custom_0,53,53033,007302,3,Seattle Central Library,15,50,31,1.2458208205712118,0.7741169290991544,53,33,7302,3,1500000US530330073023,Block Group 3,BG,58579,0,2045.0,156004.0,36.2
530330073031,custom_0,53,53033,007303,1,Seattle Central Library,15,50,31,1.2054696262213482,0.7490438671147854,53,33,7303,1,1500000US530330073031,Block Group 1,BG,153488,0,993.0,102554.0,27.7
530330073032,custom_0,53,53033,007303,2,Seattle Central Library,15,50,31,1.0393352126054576,0.6458127603918657,53,33,7303,2,1500000US530330073032,Block Group 2,BG,83640,0,1240.0,130250.0,33.4
530330073033,custom_0,53,53033,007303,3,Seattle Central Library,15,50,31,1.246584364416013,0.7745913731015425,53,33,7303,3,1500000US530330073033,Block Group 3,BG,76399,0,467.0,188077.0,34.4
530330074031,custom_0,53,53033,007403,1,Seattle Central Library,15,50,31,0.4223874541265176,0.2624593147580484,53,33,7403,1,1500000US530330074031,Block Group 1,BG,51377,0,1622.0,85625.0,32.5
530330074032,custom_0,53,53033,007403,2,Seattle Central Library,15,50,31,0.24102398465459554,0.1497653143688107,53,33,7403,2,1500000US530330074032,Block Group 2,BG,67182,0,1103.0,83750.0,32.8
530330074041,custom_0,53,53033,007404,1,Seattle Central Library,15,50,31,0.5837748435012141,0.3627407582811929,53,33,7404,1,1500000US530330074041,Block Group 1,BG,71666,0,1561.0,108942.0,34.1
530330074042,custom_0,53,53033,007404,2,Seattle Central Library,15,50,31,0.49856821998288836,0.3097958334189873,53,33,7404,2,1500000US530330074042,Block Group 2,BG,82059,0,1491.0,89338.0,32.4
530330074051,custom_0,53,53033,007405,1,Seattle Central Library,15,50,31,0.2789220605774815,0.17331407970309023,53,33,7405,1,1500000US530330074051,Block Group 1,BG,78387,0,1289.0,69844.0,27.4
530330074052,custom_0,53,53033,007405,2,Seattle Central Library,15,50,31,0.47763316481597495,0.2967873972548672,53,33,7405,2,1500000US530330074052,Block Group 2,BG,53443,0,1317.0,82267.0,32.6
530330074061,custom_0,53,53033,007406,1,Seattle Central Library,15,50,31,0.30665710505132276,0.19054783202284548,53,33,7406,1,1500000US530330074061,Block Group 1,BG,80839,0,1235.0,73313.0,28.9
530330074062,custom_0,53,53033,007406,2,Seattle Central Library,15,50,31,0.5665617844901583,0.3520450625904341,53,33,7406,2,1500000US530330074062,Block Group 2,BG,69990,0,1179.0,46875.0,31.9
530330075011,custom_0,53,53033,007501,1,Seattle Central Library,15,50,31,0.1885139310622431,0.11713708985807705,53,33,7501,1,1500000US530330075011,Block Group 1,BG,89317,0,1348.0,-666666666.0,42.0
530330075012,custom_0,53,53033,007501,2,Seattle Central Library,15,50,31,0.34114910800834847,0.2119801623922555,53,33,7501,2,1500000US530330075012,Block Group 2,BG,99940,0,1477.0,112767.0,32.4
530330075013,custom_0,53,53033,007501,3,Seattle Central Library,15,50,31,0.5252627787113123,0.32638305807062684,53,33,7501,3,1500000US530330075013,Block Group 3,BG,109026,0,1331.0,-666666666.0,39.8
530330075021,custom_0,53,53033,007502,1,Seattle Central Library,15,50,31,0.631368567127686,0.39231411792469734,53,33,7502,1,1500000US530330075021,Block Group 1,BG,80405,0,1093.0,111118.0,30.4
530330075022,custom_0,53,53033,007502,2,Seattle Central Library,15,50,31,0.46808233898353585,0.29085279105653866,53,33,7502,2,1500000US530330075022,Block Group 2,BG,94229,0,703.0,-666666666.0,35.5
530330075023,custom_0,53,53033,007502,3,Seattle Central Library,15,50,31,0.35736853007737446,0.22205844090270824,53,33,7502,3,1500000US530330075023,Block Group 3,BG,141297,0,563.0,105994.0,37.3
530330075031,custom_0,53,53033,007503,1,Seattle Central Library,15,50,31,0.7675679018161743,0.47694443471941805,53,33,7503,1,1500000US530330075031,Block Group 1,BG,120046,0,1260.0,48185.0,27.4
530330075032,custom_0,53,53033,007503,2,Seattle Central Library,15,50,31,0.8485851651505779,0.5272862126547797,53,33,7503,2,1500000US530330075032,Block Group 2,BG,67495,0,1015.0,-666666666.0,29.6
530330076001,custom_0,53,53033,007600,1,Seattle Central Library,15,50,31,1.0795085952991414,0.6707753353696229,53,33,7600,1,1500000US530330076001,Block Group 1,BG,170634,0,1322.0,99351.0,32.6
530330076002,custom_0,53,53033,007600,2,Seattle Central Library,15,50,31,1.1661862400561873,0.7246343101699532,53,33,7600,2,1500000US530330076002,Block Group 2,BG,213478,0,2094.0,122500.0,31.6
530330076003,custom_0,53,53033,007600,3,Seattle Central Library,15,50,31,0.7920074538392516,0.49213046359954965,53,33,7600,3,1500000US530330076003,Block Group 3,BG,187770,0,1307.0,121006.0,36.0
530330077001,custom_0,53,53033,007700,1,Seattle Central Library,15,50,31,2.018141686584404,1.2540147179346377,53,33,7700,1,1500000US530330077001,Block Group 1,BG,395433,0,1750.0,151927.0,41.1
530330077002,custom_0,53,53033,007700,2,Seattle Central Library,15,50,31,1.667683054923589,1.0362498875209254,53,33,7700,2,1500000US530330077002,Block Group 2,BG,232758,0,1194.0,140735.0,40.2
530330077003,custom_0,53,53033,007700,3,Seattle Central Library,15,50,31,1.7189050487044015,1.0680777490185027,53,33,7700,3,1500000US530330077003,Block Group 3,BG,242633,0,1323.0,166607.0,27.9
530330077004,custom_0,53,53033,007700,4,Seattle Central Library,15,50,31,1.5965469797963319,0.9920479933830265,53,33,7700,4,1500000US530330077004,Block Group 4,BG,187498,0,1492.0,88015.0,31.4
530330078001,custom_0,53,53033,007800,1,Seattle Central Library,15,50,31,3.555722601326047,2.209422908508567,53,33,7800,1,1500000US530330078001,Block Group 1,BG,804564,3632914,1351.0,228021.0,51.4
530330078002,custom_0,53,53033,007800,2,Seattle Central Library,15,50,31,2.787074126665105,1.7318070371600232,53,33,7800,2,1500000US530330078002,Block Group 2,BG,489415,0,1482.0,173790.0,43.5
530330078003,custom_0,53,53033,007800,3,Seattle Central Library,15,50,31,2.5183622546316684,1.5648372725227344,53,33,7800,3,1500000US530330078003,Block Group 3,BG,312291,0,1479.0,189583.0,33.2
530330078004,custom_0,53,53033,007800,4,Seattle Central Library,15,50,31,2.45383274355022,1.5247405056925436,53,33,7800,4,1500000US530330078004,Block Group 4,BG,491470,0,1586.0,154744.0,38.2
530330079011,custom_0,53,53033,007901,1,Seattle Central Library,15,50,31,0.838165727896554,0.5208118765088097,53,33,7901,1,1500000US530330079011,Block Group 1,BG,104722,0,1477.0,75825.0,35.0
530330079012,custom_0,53,53033,007901,2,Seattle Central Library,15,50,31,1.1321602635302088,0.7034915551100294,53,33,7901,2,1500000US530330079012,Block Group 2,BG,162509,0,1496.0,63961.0,46.2
530330079021,custom_0,53,53033,007902,1,Seattle Central Library,15,50,31,1.0910325164687242,0.6779359657906876,53,33,7902,1,1500000US530330079021,Block Group 1,BG,85238,0,1390.0,46566.0,31.5
530330079022,custom_0,53,53033,007902,2,Seattle Central Library,15,50,31,1.3561445277013062,0.8426688813222883,53,33,7902,2,1500000US530330079022,Block Group 2,BG,152930,0,991.0,85074.0,29.3
530330079023,custom_0,53,53033,007902,3,Seattle Central Library,15,50,31,1.4267343196421312,0.8865313309303506,53,33,7902,3,1500000US530330079023,Block Group 3,BG,193076,0,1415.0,107778.0,32.3
530330080021,custom_0,53,53033,008002,1,Seattle Central Library,15,50,31,0.8928228989103,0.5547742575187921,53,33,8002,1,1500000US530330080021,Block Group 1,BG,51341,0,1091.0,50521.0,47.6
530330080022,custom_0,53,53033,008002,2,Seattle Central Library,15,50,31,1.3620922457005804,0.8463646208032154,53,33,8002,2,1500000US530330080022,Block Group 2,BG,119194,0,1202.0,109006.0,34.5
530330080023,custom_0,53,53033,008002,3,Seattle Central Library,15,50,31,1.0755057436553273,0.6682880794408543,53,33,8002,3,1500000US530330080023,Block Group 3,BG,63779,0,1725.0,109316.0,37.1
530330080031,custom_0,53,53033,008003,1,Seattle Central Library,15,50,31,1.3891042937214013,0.8631491240939608,53,33,8003,1,1500000US530330080031,Block Group 1,BG,69315,0,1530.0,75386.0,38.7
530330080032,custom_0,53,53033,008003,2,Seattle Central Library,15,50,31,1.7058178624787415,1.059945751026278,53,33,8003,2,1500000US530330080032,Block Group 2,BG,54958,0,1450.0,131419.0,35.4
530330080033,custom_0,53,53033,008003,3,Seattle Central Library,15,50,31,2.0431380116398006,1.2695467094306345,53,33,8003,3,1500000US530330080033,Block Group 3,BG,72879,0,1124.0,145941.0,36.0
530330080041,custom_0,53,53033,008004,1,Seattle Central Library,15,50,31,1.7400462786767799,1.0812142962276694,53,33,8004,1,1500000US530330080041,Block Group 1,BG,36855,0,1352.0,180819.0,31.1
530330080042,custom_0,53,53033,008004,2,Seattle Central Library,15,50,31,1.736287246763102,1.0788785428084355,53,33,8004,2,1500000US530330080042,Block Group 2,BG,51591,0,733.0,205583.0,38.2
530330080043,custom_0,53,53033,008004,3,Seattle Central Library,15,50,31,2.081371173067311,1.293303687180008,53,33,8004,3,1500000US530330080043,Block Group 3,BG,196180,526767,1101.0,137309.0,33.6
530330081011,custom_0,53,53033,008101,1,Seattle Central Library,15,50,31,0.8649189934580268,0.5374355798840076,53,33,8101,1,1500000US530330081011,Block Group 1,BG,98582,0,851.0,33073.0,63.6
530330081012,custom_0,53,53033,008101,2,Seattle Central Library,15,50,31,0.6030133866435629,0.3746950310720973,53,33,8101,2,1500000US530330081012,Block Group 2,BG,58785,0,1037.0,152885.0,40.9
530330081013,custom_0,53,53033,008101,3,Seattle Central Library,15,50,31,0.617119110493846,0.38345991880667163,53,33,8101,3,1500000US530330081013,Block Group 3,BG,112957,277671,659.0,112283.0,31.4
530330081021,custom_0,53,53033,008102,1,Seattle Central Library,15,50,31,0.3846450704776324,0.23900729208775692,53,33,8102,1,1500000US530330081021,Block Group 1,BG,260257,0,1350.0,135282.0,36.4
530330081022,custom_0,53,53033,008102,2,Seattle Central Library,15,50,31,0.3701985990647267,0.2300306736994483,53,33,8102,2,1500000US530330081022,Block Group 2,BG,296448,91220,1295.0,-666666666.0,46.3
530330082001,custom_0,53,53033,008200,1,Seattle Central Library,15,50,31,0.5081699251783042,0.315762054577968,53,33,8200,1,1500000US530330082001,Block Group 1,BG,242153,0,1610.0,123750.0,28.9
530330082002,custom_0,53,53033,008200,2,Seattle Central Library,15,50,31,0.3160616299742155,0.19639153107870827,53,33,8200,2,1500000US530330082002,Block Group 2,BG,69243,0,1170.0,105368.0,31.0
530330082003,custom_0,53,53033,008200,3,Seattle Central Library,15,50,31,0.5342921909062528,0.3319936729556092,53,33,8200,3,1500000US530330082003,Block Group 3,BG,64389,0,1443.0,108629.0,34.9
530330083001,custom_0,53,53033,008300,1,Seattle Central Library,15,50,31,0.6035872228505416,0.37505159624986384,53,33,8300,1,1500000US530330083001,Block Group 1,BG,122805,0,2034.0,84637.0,30.5
530330083002,custom_0,53,53033,008300,2,Seattle Central Library,15,50,31,0.8404359214287372,0.5222225089340959,53,33,8300,2,1500000US530330083002,Block Group 2,BG,115150,0,1343.0,103207.0,40.7
530330084011,custom_0,53,53033,008401,1,Seattle Central Library,15,50,31,0.6315035957183867,0.39239802077512964,53,33,8401,1,1500000US530330084011,Block Group 1,BG,87702,0,1131.0,52031.0,30.0
530330084012,custom_0,53,53033,008401,2,Seattle Central Library,15,50,31,0.871012295202322,0.5412217808821621,53,33,8401,2,1500000US530330084012,Block Group 2,BG,49467,0,1063.0,66927.0,37.2
530330084013,custom_0,53,53033,008401,3,Seattle Central Library,15,50,31,0.8885268443836212,0.5521048138214951,53,33,8401,3,1500000US530330084013,Block Group 3,BG,113752,0,879.0,157202.0,34.9
530330084021,custom_0,53,53033,008402,1,Seattle Central Library,15,50,31,0.671092300792947,0.41699729403601427,53,33,8402,1,1500000US530330084021,Block Group 1,BG,53753,0,1000.0,66598.0,32.9
530330084022,custom_0,53,53033,008402,2,Seattle Central Library,15,50,31,0.7723246571524396,0.47990014453946855,53,33,8402,2,1500000US530330084022,Block Group 2,BG,44157,0,908.0,71154.0,30.5
530330084023,custom_0,53,53033,008402,3,Seattle Central Library,15,50,31,0.828696048111127,0.5149276921108591,53,33,8402,3,1500000US530330084023,Block Group 3,BG,47536,0,666.0,73917.0,32.8
530330085001,custom_0,53,53033,008500,1,Seattle Central Library,15,50,31,0.38499340944448274,0.23922373981992767,53,33,8500,1,1500000US530330085001,Block Group 1,BG,155715,0,1404.0,77625.0,44.6
530330085002,custom_0,53,53033,008500,2,Seattle Central Library,15,50,31,0.7451297554651961,0.46300202128316437,53,33,8500,2,1500000US530330085002,Block Group 2,BG,151362,0,1358.0,73718.0,31.2
530330085003,custom_0,53,53033,008500,3,Seattle Central Library,15,50,31,0.5879526286819217,0.3653367128367144,53,33,8500,3,1500000US530330085003,Block Group 3,BG,143901,0,1679.0,11094.0,35.7
530330086001,custom_0,53,53033,008600,1,Seattle Central Library,15,50,31,1.2880610386579356,0.8003637756519202,53,33,8600,1,1500000US530330086001,Block Group 1,BG,221773,0,2366.0,108487.0,28.2
530330086002,custom_0,53,53033,008600,2,Seattle Central Library,15,50,31,1.2425605703301226,0.7720911041465987,53,33,8600,2,1500000US530330086002,Block Group 2,BG,226349,0,2059.0,58708.0,28.7
530330086003,custom_0,53,53033,008600,3,Seattle Central Library,15,50,31,1.0670838383349812,0.6630549517100456,53,33,8600,3,1500000US530330086003,Block Group 3,BG,192770,0,1274.0,-666666666.0,19.4
530330086004,custom_0,53,53033,008600,4,Seattle Central Library,15,50,31,1.0193383675050567,0.6333873007549846,53,33,8600,4,1500000US530330086004,Block Group 4,BG,70458,0,1304.0,54435.0,28.1
530330087001,custom_0,53,53033,008700,1,Seattle Central Library,15,50,31,1.6677591614340705,1.0362971778994499,53,33,8700,1,1500000US530330087001,Block Group 1,BG,343313,0,1587.0,163529.0,30.9
530330087002,custom_0,53,53033,008700,2,Seattle Central Library,15,50,31,2.0987751496160314,1.3041180134920631,53,33,8700,2,1500000US530330087002,Block Group 2,BG,164030,0,1468.0,128333.0,32.2
530330087003,custom_0,53,53033,008700,3,Seattle Central Library,15,50,31,1.7131601813476582,1.0645080550441757,53,33,8700,3,1500000US530330087003,Block Group 3,BG,225042,0,1610.0,158401.0,31.2
530330088001,custom_0,53,53033,008800,1,Seattle Central Library,15,50,31,2.027474925115944,1.2598141216942194,53,33,8800,1,1500000US530330088001,Block Group 1,BG,330280,0,1842.0,111042.0,35.7
530330088002,custom_0,53,53033,008800,2,Seattle Central Library,15,50,31,2.317844809555682,1.4402415471584238,53,33,8800,2,1500000US530330088002,Block Group 2,BG,403914,0,1192.0,112250.0,38.6
530330088003,custom_0,53,53033,008800,3,Seattle Central Library,15,50,31,2.615055921986533,1.624919913300694,53,33,8800,3,1500000US530330088003,Block Group 3,BG,214387,0,1319.0,203864.0,32.8
530330089001,custom_0,53,53033,008900,1,Seattle Central Library,15,50,31,4.150901088764829,2.579249560426891,53,33,8900,1,1500000US530330089001,Block Group 1,BG,438670,1798066,1834.0,159531.0,41.2
530330089002,custom_0,53,53033,008900,2,Seattle Central Library,15,50,31,3.0966456506886,1.924165804614026,53,33,8900,2,1500000US530330089002,Block Group 2,BG,304752,0,1474.0,118486.0,46.4
530330089003,custom_0,53,53033,008900,3,Seattle Central Library,15,50,31,2.7178290430791145,1.6887801503271125,53,33,8900,3,1500000US530330089003,Block Group 3,BG,294037,0,1038.0,71090.0,34.5
530330089004,custom_0,53,53033,008900,4,Seattle Central Library,15,50,31,2.7314849229551523,1.697265518061566,53,33,8900,4,1500000US530330089004,Block Group 4,BG,232574,0,1658.0,-666666666.0,46.1
530330090001,custom_0,53,53033,009000,1,Seattle Central Library,15,50,31,1.659146267226607,1.0309453752128641,53,33,9000,1,1500000US530330090001,Block Group 1,BG,400874,0,1143.0,32054.0,58.9
530330090002,custom_0,53,53033,009000,2,Seattle Central Library,15,50,31,2.052995724562316,1.2756720063670108,53,33,9000,2,1500000US530330090002,Block Group 2,BG,171420,0,1280.0,79167.0,31.5
530330090003,custom_0,53,53033,009000,3,Seattle Central Library,15,50,31,2.3877630537281544,1.4836867164581171,53,33,9000,3,1500000US530330090003,Block Group 3,BG,283578,0,1377.0,122708.0,33.9
530330091001,custom_0,53,53033,009100,1,Seattle Central Library,15,50,31,1.218357471118098,0.7570520001861237,53,33,9100,1,1500000US530330091001,Block Group 1,BG,300544,0,1006.0,19980.0,56.7
530330091002,custom_0,53,53033,009100,2,Seattle Central Library,15,50,31,1.074782997730351,0.6678389860827059,53,33,9100,2,1500000US530330091002,Block Group 2,BG,110077,0,1701.0,51159.0,41.5
530330092001,custom_0,53,53033,009200,1,Seattle Central Library,15,50,31,0.8038403492677813,0.4994830816648705,53,33,9200,1,1500000US530330092001,Block Group 1,BG,133446,0,1761.0,31776.0,40.6
530330092002,custom_0,53,53033,009200,2,Seattle Central Library,15,50,31,0.6565248043671807,0.4079454742144395,53,33,9200,2,1500000US530330092002,Block Group 2,BG,205005,154864,964.0,39489.0,39.6
530330093001,custom_0,53,53033,009300,1,Seattle Central Library,15,50,31,1.9130447284297247,1.1887105159491065,53,33,9300,1,1500000US530330093001,Block Group 1,BG,756814,0,926.0,70438.0,37.6
530330093002,custom_0,53,53033,009300,2,Seattle Central Library,15,50,31,1.8910009343815901,1.175013141597623,53,33,9300,2,1500000US530330093002,Block Group 2,BG,2231135,384347,1386.0,122554.0,36.2
530330093003,custom_0,53,53033,009300,3,Seattle Central Library,15,50,31,4.064385455282826,2.525491254734545,53,33,9300,3,1500000US530330093003,Block Group 3,BG,6456161,254704,672.0,94861.0,53.4
530330094001,custom_0,53,53033,009400,1,Seattle Central Library,15,50,31,2.458886959840632,1.5278810491231334,53,33,9400,1,1500000US530330094001,Block Group 1,BG,151628,0,1464.0,72868.0,35.4
530330094002,custom_0,53,53033,009400,2,Seattle Central Library,15,50,31,3.1116640257951693,1.9334977873723702,53,33,9400,2,1500000US530330094002,Block Group 2,BG,491285,0,1028.0,58925.0,53.3
530330094003,custom_0,53,53033,009400,3,Seattle Central Library,15,50,31,2.8400590434548785,1.7647303278906012,53,33,9400,3,1500000US530330094003,Block Group 3,BG,255809,0,1288.0,122326.0,35.6
530330094004,custom_0,53,53033,009400,4,Seattle Central Library,15,50,31,2.3867321410177924,1.4830461371963668,53,33,9400,4,1500000US530330094004,Block Group 4,BG,515241,0,1448.0,56389.0,48.7
530330094005,custom_0,53,53033,009400,5,Seattle Central Library,15,50,31,2.1229727529618274,1.3191537024806437,53,33,9400,5,1500000US530330094005,Block Group 5,BG,272348,0,1390.0,130417.0,32.5
530330095001,custom_0,53,53033,009500,1,Seattle Central Library,15,50,31,4.00934744579184,2.4912922317391213,53,33,9500,1,1500000US530330095001,Block Group 1,BG,688508,143505,1368.0,156250.0,44.6
530330095002,custom_0,53,53033,009500,2,Seattle Central Library,15,50,31,3.345584521206657,2.0788491995267018,53,33,9500,2,1500000US530330095002,Block Group 2,BG,773966,0,1797.0,131010.0,38.5
530330095003,custom_0,53,53033,009500,3,Seattle Central Library,15,50,31,5.0340363440785785,3.1280041971564505,53,33,9500,3,1500000US530330095003,Block Group 3,BG,677502,2772765,1475.0,205539.0,49.9
530330095004,custom_0,53,53033,009500,4,Seattle Central Library,15,50,31,4.24162674471046,2.635623851987483,53,33,9500,4,1500000US530330095004,Block Group 4,BG,457741,0,2298.0,71250.0,39.8
530330096001,custom_0,53,53033,009600,1,Seattle Central Library,15,50,31,2.2820893545726815,1.4180241443401818,53,33,9600,1,1500000US530330096001,Block Group 1,BG,511140,0,1563.0,102969.0,52.2
530330096002,custom_0,53,53033,009600,2,Seattle Central Library,15,50,31,2.908266494821623,1.8071124601538067,53,33,9600,2,1500000US530330096002,Block Group 2,BG,655247,1385222,931.0,186969.0,55.9
530330096003,custom_0,53,53033,009600,3,Seattle Central Library,15,50,31,2.200801181432309,1.3675140309077753,53,33,9600,3,1500000US530330096003,Block Group 3,BG,419353,0,1206.0,110682.0,50.2
530330096004,custom_0,53,53033,009600,4,Seattle Central Library,15,50,31,2.5704555507431412,1.5972065360208165,53,33,9600,4,1500000US530330096004,Block Group 4,BG,321182,0,1940.0,187641.0,36.5
530330097011,custom_0,53,53033,009701,1,Seattle Central Library,15,50,31,2.567965322846009,1.5956591806221476,53,33,9701,1,1500000US530330097011,Block Group 1,BG,328883,720640,1528.0,88987.0,41.2
530330097012,custom_0,53,53033,009701,2,Seattle Central Library,15,50,31,1.4181023175464875,0.8811676551561785,53,33,9701,2,1500000US530330097012,Block Group 2,BG,712606,305725,1577.0,165088.0,49.1
530330097013,custom_0,53,53033,009701,3,Seattle Central Library,15,50,31,2.2761191856264364,1.4143144544918844,53,33,9701,3,1500000US530330097013,Block Group 3,BG,359555,327568,1598.0,100850.0,37.6
530330097014,custom_0,53,53033,009701,4,Seattle Central Library,15,50,31,2.004788483351128,1.2457174246883738,53,33,9701,4,1500000US530330097014,Block Group 4,BG,460314,253190,1451.0,134209.0,52.2
530330097021,custom_0,53,53033,009702,1,Seattle Central Library,15,50,31,1.3454258030856876,0.8360085766891568,53,33,9702,1,1500000US530330097021,Block Group 1,BG,443715,0,1071.0,118750.0,44.0
530330097022,custom_0,53,53033,009702,2,Seattle Central Library,15,50,31,1.7413966443090874,1.082053374270982,53,33,9702,2,1500000US530330097022,Block Group 2,BG,763229,0,1380.0,148750.0,47.1
530330097023,custom_0,53,53033,009702,3,Seattle Central Library,15,50,31,0.6703251401341561,0.4165206026503007,53,33,9702,3,1500000US530330097023,Block Group 3,BG,534214,0,1618.0,172177.0,36.5
530330097024,custom_0,53,53033,009702,4,Seattle Central Library,15,50,31,1.033956871185115,0.6424708150051661,53,33,9702,4,1500000US530330097024,Block Group 4,BG,479283,0,1596.0,131618.0,39.0
530330098011,custom_0,53,53033,009801,1,Seattle Central Library,15,50,31,1.5568230673523131,0.9673647061837741,53,33,9801,1,1500000US530330098011,Block Group 1,BG,373797,0,1105.0,75250.0,35.7
530330098012,custom_0,53,53033,009801,2,Seattle Central Library,15,50,31,1.3968478249779606,0.8679607298543803,53,33,9801,2,1500000US530330098012,Block Group 2,BG,354101,0,1245.0,188419.0,39.3
530330098013,custom_0,53,53033,009801,3,Seattle Central Library,15,50,31,1.0155307795502768,0.631021376019935,53,33,9801,3,1500000US530330098013,Block Group 3,BG,276810,0,955.0,161333.0,34.1
530330098021,custom_0,53,53033,009802,1,Seattle Central Library,15,50,31,0.64890374828408,0.4032099709750271,53,33,9802,1,1500000US530330098021,Block Group 1,BG,325288,0,1231.0,96346.0,35.9
530330098022,custom_0,53,53033,009802,2,Seattle Central Library,15,50,31,0.11918197692454752,0.07405622418358301,53,33,9802,2,1500000US530330098022,Block Group 2,BG,324734,0,1131.0,117232.0,46.9
530330098023,custom_0,53,53033,009802,3,Seattle Central Library,15,50,31,0.5167202144082333,0.32107495634705835,53,33,9802,3,1500000US530330098023,Block Group 3,BG,272297,0,1673.0,124632.0,33.8
530330099001,custom_0,53,53033,009900,1,Seattle Central Library,15,50,31,1.1162826468435532,0.6936256645518255,53,33,9900,1,1500000US530330099001,Block Group 1,BG,426893,0,1157.0,153214.0,44.1
530330099002,custom_0,53,53033,009900,2,Seattle Central Library,15,50,31,1.2175228599704373,0.7565333970226906,53,33,9900,2,1500000US530330099002,Block Group 2,BG,1022112,0,1433.0,61567.0,35.2
530330099003,custom_0,53,53033,009900,3,Seattle Central Library,15,50,31,2.0213883949682923,1.2560321283698428,53,33,9900,3,1500000US530330099003,Block Group 3,BG,1064575,0,1840.0,88580.0,36.1
530330099004,custom_0,53,53033,009900,4,Seattle Central Library,15,50,31,2.4847615472041884,1.5439587673478137,53,33,9900,4,1500000US530330099004,Block Group 4,BG,4051590,2370735,1212.0,110405.0,41.2
530330100011,custom_0,53,53033,010001,1,Seattle Central Library,15,50,31,4.474480417233922,2.780312371337059,53,33,10001,1,1500000US530330100011,Block Group 1,BG,1001457,0,988.0,85455.0,33.3
530330100012,custom_0,53,53033,010001,2,Seattle Central Library,15,50,31,4.708925853831689,2.92598996672125,53,33,10001,2,1500000US530330100012,Block Group 2,BG,896865,0,1307.0,103508.0,38.4
530330100013,custom_0,53,53033,010001,3,Seattle Central Library,15,50,31,5.233373923918765,3.251866788479327,53,33,10001,3,1500000US530330100013,Block Group 3,BG,429190,0,1737.0,36286.0,35.5
530330100021,custom_0,53,53033,010002,1,Seattle Central Library,15,50,31,4.030323614720943,2.504326214802767,53,33,10002,1,1500000US530330100021,Block Group 1,BG,275099,0,1762.0,107250.0,36.4
530330100022,custom_0,53,53033,010002,2,Seattle Central Library,15,50,31,3.486113984735284,2.166170132808948,53,33,10002,2,1500000US530330100022,Block Group 2,BG,284252,0,1766.0,80000.0,33.1
530330100023,custom_0,53,53033,010002,3,Seattle Central Library,15,50,31,3.601677025523944,2.2379776550268384,53,33,10002,3,1500000US530330100023,Block Group 3,BG,388726,0,1400.0,77784.0,41.3
530330101011,custom_0,53,53033,010101,1,Seattle Central Library,15,50,31,4.902729363641637,3.0464138474153675,53,33,10101,1,1500000US530330101011,Block Group 1,BG,211305,0,1131.0,38921.0,52.2
530330101012,custom_0,53,53033,010101,2,Seattle Central Library,15,50,31,5.3532199954343245,3.3263356617830215,53,33,10101,2,1500000US530330101012,Block Group 2,BG,233982,0,1554.0,45550.0,23.4
530330101013,custom_0,53,53033,010101,3,Seattle Central Library,15,50,31,5.762707414112804,3.5807792686146875,53,33,10101,3,1500000US530330101013,Block Group 3,BG,426335,0,1493.0,153922.0,36.3
530330101022,custom_0,53,53033,010102,2,Seattle Central Library,15,50,31,5.599396103492881,3.4793023562234753,53,33,10102,2,1500000US530330101022,Block Group 2,BG,528744,0,1399.0,155200.0,38.7
530330101023,custom_0,53,53033,010102,3,Seattle Central Library,15,50,31,5.170294353544363,3.2126709727562144,53,33,10102,3,1500000US530330101023,Block Group 3,BG,180236,0,1205.0,137697.0,31.1
530330103012,custom_0,53,53033,010301,2,Seattle Central Library,15,50,31,7.436886843792683,4.621065815014304,53,33,10301,2,1500000US530330103012,Block Group 2,BG,365649,0,1794.0,57031.0,38.3
530330103013,custom_0,53,53033,010301,3,Seattle Central Library,15,50,31,7.1002220937954625,4.41187210264378,53,33,10301,3,1500000US530330103013,Block Group 3,BG,270545,0,1525.0,-666666666.0,30.8
530330103021,custom_0,53,53033,010302,1,Seattle Central Library,15,50,31,6.123622064474807,3.8050411658247754,53,33,10302,1,1500000US530330103021,Block Group 1,BG,169057,0,901.0,95380.0,32.6
530330103022,custom_0,53,53033,010302,2,Seattle Central Library,15,50,31,6.55109771908237,4.070662140803932,53,33,10302,2,1500000US530330103022,Block Group 2,BG,214462,0,616.0,222386.0,35.5
530330103023,custom_0,53,53033,010302,3,Seattle Central Library,15,50,31,6.523662999288601,4.053615001530957,53,33,10302,3,1500000US530330103023,Block Group 3,BG,248648,0,1534.0,111205.0,33.0
530330104011,custom_0,53,53033,010401,1,Seattle Central Library,15,50,31,6.092889239742382,3.7859446797879635,53,33,10401,1,1500000US530330104011,Block Group 1,BG,465671,0,1005.0,119250.0,31.4
530330104012,custom_0,53,53033,010401,2,Seattle Central Library,15,50,31,6.30864961824387,3.920011921937812,53,33,10401,2,1500000US530330104012,Block Group 2,BG,635956,0,2286.0,122612.0,36.0
530330104013,custom_0,53,53033,010401,3,Seattle Central Library,15,50,31,7.000918931531726,4.3501679974048,53,33,10401,3,1500000US530330104013,Block Group 3,BG,528247,0,1213.0,61776.0,47.7
530330104021,custom_0,53,53033,010402,1,Seattle Central Library,15,50,31,5.786484034782606,3.5955533711769028,53,33,10402,1,1500000US530330104021,Block Group 1,BG,625994,0,1225.0,118500.0,38.9
530330104022,custom_0,53,53033,010402,2,Seattle Central Library,15,50,31,5.635184165348252,3.5015400200066087,53,33,10402,2,1500000US530330104022,Block Group 2,BG,473351,0,1241.0,87011.0,37.7
530330104023,custom_0,53,53033,010402,3,Seattle Central Library,15,50,31,6.395342280616153,3.9738802282487398,53,33,10402,3,1500000US530330104023,Block Group 3,BG,291143,0,1086.0,82295.0,43.2
530330104024,custom_0,53,53033,010402,4,Seattle Central Library,15,50,31,5.4140017390658315,3.364103674605075,53,33,10402,4,1500000US530330104024,Block Group 4,BG,352387,0,1283.0,121719.0,40.5
530330105011,custom_0,53,53033,010501,1,Seattle Central Library,15,50,31,0.7088769371434183,0.44047557130974296,53,33,10501,1,1500000US530330105011,Block Group 1,BG,182787,0,1707.0,117500.0,37.0
530330105012,custom_0,53,53033,010501,2,Seattle Central Library,15,50,31,1.1230235943446336,0.6978142938415194,53,33,10501,2,1500000US530330105012,Block Group 2,BG,359574,0,1274.0,94594.0,48.9
530330105013,custom_0,53,53033,010501,3,Seattle Central Library,15,50,31,0.5631907544496257,0.3499504022831184,53,33,10501,3,1500000US530330105013,Block Group 3,BG,199655,0,1177.0,84788.0,29.7
530330105021,custom_0,53,53033,010502,1,Seattle Central Library,15,50,31,0.6017417375965965,0.3739048652321348,53,33,10502,1,1500000US530330105021,Block Group 1,BG,305998,0,1116.0,84712.0,39.4
530330105022,custom_0,53,53033,010502,2,Seattle Central Library,15,50,31,1.1397763934361826,0.7082239973658343,53,33,10502,2,1500000US530330105022,Block Group 2,BG,378051,0,2377.0,166739.0,40.1
530330105023,custom_0,53,53033,010502,3,Seattle Central Library,15,50,31,0.9279808758328402,0.5766204047971277,53,33,10502,3,1500000US530330105023,Block Group 3,BG,190946,0,849.0,56947.0,34.0
530330105024,custom_0,53,53033,010502,4,Seattle Central Library,15,50,31,0.3854899709876368,0.2395322887625589,53,33,10502,4,1500000US530330105024,Block Group 4,BG,100917,0,1511.0,117206.0,37.1
530330106011,custom_0,53,53033,010601,1,Seattle Central Library,15,50,31,1.5829231130484824,0.9835825176780486,53,33,10601,1,1500000US530330106011,Block Group 1,BG,326080,0,939.0,133889.0,39.2
530330106012,custom_0,53,53033,010601,2,Seattle Central Library,15,50,31,1.9776291439504052,1.2288413988056073,53,33,10601,2,1500000US530330106012,Block Group 2,BG,327297,0,1750.0,131667.0,36.8
530330106013,custom_0,53,53033,010601,3,Seattle Central Library,15,50,31,2.4426170862159844,1.5177714214791125,53,33,10601,3,1500000US530330106013,Block Group 3,BG,435856,0,1809.0,147098.0,38.0
530330106021,custom_0,53,53033,010602,1,Seattle Central Library,15,50,31,2.393347359210301,1.4871566419398639,53,33,10602,1,1500000US530330106021,Block Group 1,BG,451524,0,1450.0,83575.0,40.4
530330106022,custom_0,53,53033,010602,2,Seattle Central Library,15,50,31,1.742182882374221,1.082541919803752,53,33,10602,2,1500000US530330106022,Block Group 2,BG,750287,817134,1107.0,158333.0,54.5
530330106023,custom_0,53,53033,010602,3,Seattle Central Library,15,50,31,1.6823880741182684,1.0453871600029425,53,33,10602,3,1500000US530330106023,Block Group 3,BG,303250,0,1349.0,134911.0,32.7
530330107011,custom_0,53,53033,010701,1,Seattle Central Library,15,50,31,3.30820961734882,2.0556255181416536,53,33,10701,1,1500000US530330107011,Block Group 1,BG,505007,3664,2070.0,92250.0,39.2
530330107012,custom_0,53,53033,010701,2,Seattle Central Library,15,50,31,2.8881947689617964,1.7946404717845603,53,33,10701,2,1500000US530330107012,Block Group 2,BG,399288,0,1081.0,79000.0,36.0
530330107013,custom_0,53,53033,010701,3,Seattle Central Library,15,50,31,2.272187337561756,1.411871318128086,53,33,10701,3,1500000US530330107013,Block Group 3,BG,553089,0,1003.0,114615.0,34.2
530330107021,custom_0,53,53033,010702,1,Seattle Central Library,15,50,31,1.756240268655813,1.0912767719749312,53,33,10702,1,1500000US530330107021,Block Group 1,BG,299733,0,1435.0,159545.0,36.4
530330107022,custom_0,53,53033,010702,2,Seattle Central Library,15,50,31,2.2558836616978506,1.4017406867528552,53,33,10702,2,1500000US530330107022,Block Group 2,BG,208058,0,2338.0,37263.0,29.4
530330107023,custom_0,53,53033,010702,3,Seattle Central Library,15,50,31,2.537518952356712,1.5767406889448425,53,33,10702,3,1500000US530330107023,Block Group 3,BG,272325,0,1066.0,-666666666.0,32.7
530330108001,custom_0,53,53033,010800,1,Seattle Central Library,15,50,31,3.3932453666889,2.1084642667448485,53,33,10800,1,1500000US530330108001,Block Group 1,BG,2763631,322633,1328.0,108036.0,44.4
530330108002,custom_0,53,53033,010800,2,Seattle Central Library,15,50,31,3.0837436500171704,1.9161488755548193,53,33,10800,2,1500000US530330108002,Block Group 2,BG,782588,0,1871.0,97708.0,33.5
530330108003,custom_0,53,53033,010800,3,Seattle Central Library,15,50,31,2.1858859669702793,1.3582461491822895,53,33,10800,3,1500000US530330108003,Block Group 3,BG,594306,0,1675.0,141500.0,37.8
530330109001,custom_0,53,53033,010900,1,Seattle Central Library,15,50,31,6.591929053480991,4.096033547890537,53,33,10900,1,1500000US530330109001,Block Group 1,BG,3090797,159511,619.0,43828.0,37.8
530330109002,custom_0,53,53033,010900,2,Seattle Central Library,15,50,31,4.639930556217239,2.8831182896472622,53,33,10900,2,1500000US530330109002,Block Group 2,BG,2298984,255418,587.0,97917.0,40.1
530330110011,custom_0,53,53033,011001,1,Seattle Central Library,15,50,31,8.48929070238719,5.2749990530330315,53,33,11001,1,1500000US530330110011,Block Group 1,BG,236055,0,1928.0,93596.0,28.5
530330110012,custom_0,53,53033,011001,2,Seattle Central Library,15,50,31,7.874622537696656,4.8930620808711085,53,33,11001,2,1500000US530330110012,Block Group 2,BG,424353,0,1335.0,12487.0,50.1
530330110013,custom_0,53,53033,011001,3,Seattle Central Library,15,50,31,7.98933224253393,4.964339364875551,53,33,11001,3,1500000US530330110013,Block Group 3,BG,419983,0,1892.0,60795.0,43.3
530330110021,custom_0,53,53033,011002,1,Seattle Central Library,15,50,31,6.926452760174167,4.303896878042182,53,33,11002,1,1500000US530330110021,Block Group 1,BG,1101577,0,1269.0,80833.0,50.1
530330110022,custom_0,53,53033,011002,2,Seattle Central Library,15,50,31,7.04426430309426,4.377101554277983,53,33,11002,2,1500000US530330110022,Block Group 2,BG,321842,0,1641.0,54167.0,31.3
530330110023,custom_0,53,53033,011002,3,Seattle Central Library,15,50,31,7.503946281816989,4.662734605078905,53,33,11002,3,1500000US530330110023,Block Group 3,BG,296150,0,1689.0,42992.0,20.7
530330111011,custom_0,53,53033,011101,1,Seattle Central Library,15,50,31,8.42405990592331,5.234466527803472,53,33,11101,1,1500000US530330111011,Block Group 1,BG,287269,0,1316.0,98947.0,43.5
530330111014,custom_0,53,53033,011101,4,Seattle Central Library,15,50,31,7.968094923740735,4.951143110859705,53,33,11101,4,1500000US530330111014,Block Group 4,BG,387020,0,1956.0,59118.0,40.8
530330112001,custom_0,53,53033,011200,1,Seattle Central Library,15,50,31,6.105529362979721,3.793798885804072,53,33,11200,1,1500000US530330112001,Block Group 1,BG,1069250,0,1735.0,66776.0,31.8
530330112002,custom_0,53,53033,011200,2,Seattle Central Library,15,50,31,5.717626056430987,3.552767020310579,53,33,11200,2,1500000US530330112002,Block Group 2,BG,935152,139646,1057.0,59609.0,44.0
530330113001,custom_0,53,53033,011300,1,Seattle Central Library,15,50,31,5.158014076786701,3.2050403649070294,53,33,11300,1,1500000US530330113001,Block Group 1,BG,2073031,42220,2192.0,44500.0,52.0
530330113004,custom_0,53,53033,011300,4,Seattle Central Library,15,50,31,4.795610854165047,2.9798535120633893,53,33,11300,4,1500000US530330113004,Block Group 4,BG,395295,0,743.0,166176.0,39.3
530330113005,custom_0,53,53033,011300,5,Seattle Central Library,15,50,31,4.549323258082216,2.826817542197805,53,33,11300,5,1500000US530330113005,Block Group 5,BG,290937,0,628.0,88375.0,39.8
530330114011,custom_0,53,53033,011401,1,Seattle Central Library,15,50,31,4.012115913142962,2.4930124770655553,53,33,11401,1,1500000US530330114011,Block Group 1,BG,366696,0,1915.0,100179.0,32.2
530330114013,custom_0,53,53033,011401,3,Seattle Central Library,15,50,31,4.227721289161774,2.6269834051677408,53,33,11401,3,1500000US530330114013,Block Group 3,BG,500592,0,1453.0,116576.0,37.9
530330115001,custom_0,53,53033,011500,1,Seattle Central Library,15,50,31,3.669972082346432,2.280414222779685,53,33,11500,1,1500000US530330115001,Block Group 1,BG,553993,0,1735.0,99656.0,36.8
530330115003,custom_0,53,53033,011500,3,Seattle Central Library,15,50,31,3.460085377276261,2.149996710963528,53,33,11500,3,1500000US530330115003,Block Group 3,BG,452236,0,1287.0,115513.0,41.8
530330116021,custom_0,53,53033,011602,1,Seattle Central Library,15,50,31,2.9540464017063073,1.8355587666746498,53,33,11602,1,1500000US530330116021,Block Group 1,BG,393069,0,1149.0,140714.0,41.1
530330116022,custom_0,53,53033,011602,2,Seattle Central Library,15,50,31,3.5827313773682454,2.226205378686684,53,33,11602,2,1500000US530330116022,Block Group 2,BG,326579,0,1319.0,115839.0,36.0
530330116023,custom_0,53,53033,011602,3,Seattle Central Library,15,50,31,3.4494346938419316,2.1433786851472547,53,33,11602,3,1500000US530330116023,Block Group 3,BG,846177,786358,972.0,125083.0,51.0
530330117002,custom_0,53,53033,011700,2,Seattle Central Library,15,50,31,8.926096544384238,5.546417535880579,53,33,11700,2,1500000US530330117002,Block Group 2,BG,1601771,0,1341.0,71548.0,43.0
