,FORESTORGC,DISTRICTOR,volume_mbf,volume_ccf,total_bid_value,total_quantity,sale_volume_mbf,sale_volume_ccf,gross_sale_area,composite_rate_ssf,neversold_bin,region_code,forest_code,district_code,sale_name,planned_gate_6_date,actual_gate_6_date
79,0807,080701,,,111160.0,,,,1614.0,41.0,0,08,07,01,GA Sale 1 NWTF Stewardship Agreement,,
87,0807,080701,,,3041.4599609375,128.0,64.0,128.0,25.0,98.80000305175781,0,08,07,01,Vaughn Salvage,2006-04-03 00:00,2006-04-04 00:00
89,0807,080701,,,22890.0,252.0,138.60000610351562,252.0,15.0,76.0,0,08,07,01,SPB SPOT 1182,2002-10-01 00:00,2002-09-25 00:00
192,0807,080701,,,67242.4296875,3579.0,1968.449951171875,3579.0,570.0,76.0,0,08,07,01,FY02 First Thinning,2002-11-05 00:00,2002-11-05 00:00
342,0807,080701,,,50779.0,469.0,257.95001220703125,469.0,30.0,76.0,0,08,07,01,SPB SPOT 1321,2002-10-01 00:00,2002-09-25 00:00
594,0807,080701,,,38315.8984375,8890.0,1338.833984375,2677.66796875,7215.0,39.0,0,08,07,01,Bienville #40 SPB Salvage,2019-08-23 00:00,2019-08-29 00:00
899,0807,080701,,,6554.0,74.0,40.70000076293945,74.0,2.0,76.0,0,08,07,01,SPB Spot 1173,2002-07-05 00:00,2002-06-28 00:00
955,0807,080701,,,8260.0,152.0,83.5999984741211,152.0,10.0,76.0,0,08,07,01,SPB SPOT 1240,2002-09-05 00:00,2002-08-30 00:00
1542,0807,080701,,,10365.900390625,153.0,84.1500015258789,153.0,12.0,76.0,0,08,07,01,SPB SPOT 1322,2002-10-01 00:00,2002-09-25 00:00
1671,0807,080701,,,1794.719970703125,41.0,20.5,41.0,18.0,81.5999984741211,0,08,07,01,Forest Workcenter Salvage,2005-10-10 00:00,2005-10-31 00:00
1692,0807,080701,,,236276.1875,31171.0,4694.3525390625,9388.705078125,3800.0,41.0,0,08,07,01,Bienville #18/19 SPB Salvage,2018-01-17 00:00,2018-02-12 00:00
1950,0807,080701,,,40351.5703125,15701.0,2364.570556640625,4729.14111328125,3000.0,41.0,0,08,07,01,Bienville #26A SPB Salvage,2018-07-13 00:00,2018-08-10 00:00
1961,0807,080701,,,20365.0,232.0,127.5999984741211,232.0,5.0,76.0,0,08,07,01,SPB SPOT 1156,2002-07-09 00:00,2002-07-03 00:00
2087,0807,080701,599.0,1198.0,30918.279296875,,,,80.0,71.19999694824219,1,08,07,01,Hail Damage C-14,2003-11-10 00:00,
2113,0807,080701,,,146835.75,6781.0,3390.5,6781.0,910.0,77.0999984741211,0,08,07,01,Little Tallahala Stewardship,2016-08-20 00:00,2016-09-17 00:00
2166,0807,080701,,,16736.720703125,,,,6000.0,41.0,0,08,07,01,Bienville SPB #32-33 Salvage,2018-09-15 00:00,
2203,0807,080701,,,21103.990234375,427.0,213.5,427.0,65.0,81.5999984741211,0,08,07,01,Tishkill Salvage,2005-04-15 00:00,2005-04-26 00:00
2808,0807,080701,,,294964.75,7410.0,3705.0,7410.0,1380.0,65.30000305175781,0,08,07,01,AU41 Jump Creek,2006-12-30 00:00,2007-01-30 00:00
2869,0807,080701,,,1355.0,130.0,65.0,130.0,45.0,65.30000305175781,0,08,07,01,C234 235 Salvage,2006-04-10 00:00,2006-06-02 00:00
3155,0807,080701,,,52398.98828125,24147.0,3636.5380859375,7273.076171875,2500.0,41.0,0,08,07,01,Bienville #15/20 SPB Salvage,2018-05-15 00:00,2018-05-24 00:00
3532,0807,080701,,,6867.64990234375,99.0,54.45000076293945,99.0,3.0,76.0,0,08,07,01,SPB Spot 1335,2002-09-26 00:00,2002-09-27 00:00
3636,0807,080701,529.0999755859375,962.0,18599.640625,,,,48.0,71.19999694824219,1,08,07,01,Cut Spots Sale,2003-07-15 00:00,
3825,0807,080701,,,1315.8699951171875,131.0,65.5,131.0,40.0,65.30000305175781,0,08,07,01,New Good Hope Church Salvage,2006-04-27 00:00,2006-05-09 00:00
3829,0807,080701,,,16587.5,158.0,86.9000015258789,158.0,4.0,76.0,0,08,07,01,Raytheon ROW Timber Settlement,2002-12-09 00:00,2002-12-16 00:00
3968,0807,080701,,,98042.4296875,12149.0,1829.639404296875,3659.27880859375,1500.0,41.0,0,08,07,01,Bienville #17 SPB Salvage,2018-05-07 00:00,2018-05-15 00:00
4211,0807,080701,,,18106.7890625,142.0,88.13619995117188,142.0,6.0,76.0,0,08,07,01,SPB SPOT 1291,2002-08-15 00:00,2002-08-09 00:00
4338,0807,080701,41.79999923706055,76.0,5621.39990234375,,,,2.0,71.19999694824219,1,08,07,01,SPB Spot 1220,2002-07-18 00:00,
4361,0807,080701,,,3507.5,40.0,22.0,40.0,1.0,76.0,0,08,07,01,SPB SPOT 1081,2002-06-19 00:00,2002-06-13 00:00
4693,0807,080701,,,381.8399963378906,21.0,11.550000190734863,21.0,3.0,76.0,0,08,07,01,SPB SPOT 1292,2002-09-18 00:00,2002-09-17 00:00
4859,0807,080701,,,8370.0,74.0,40.70000076293945,74.0,8.0,76.0,0,08,07,01,SPB SPOT 1319,2002-10-01 00:00,2002-09-25 00:00
5009,0807,080701,3077.0,6154.0,157018.078125,,,,525.0,77.0999984741211,1,08,07,01,Compartment 25,2016-04-27 00:00,
5261,0807,080701,,,,,,,,0.0,0,08,07,01,Compartment 69,,
5618,0807,080701,,,299.0,13.0,6.5,13.0,5.0,42.099998474121094,0,08,07,01,Spot 7048 and Marathon Salvage,2007-10-31 00:00,2007-10-29 00:00
5741,0807,080701,,,10900.0,101.0,55.54999923706055,101.0,15.0,76.0,0,08,07,01,SPB SPOT 1278,2002-08-29 00:00,2002-08-23 00:00
6121,0807,080701,,,17632.80078125,168.0,92.4000015258789,168.0,15.0,76.0,0,08,07,01,SPB SPOT 1261A,2002-10-08 00:00,2002-10-02 00:00
6210,0807,080701,,,687.8200073242188,13.0,6.5,13.0,25.0,81.5999984741211,0,08,07,01,TVA Powerline Timber Settlement,2005-04-15 00:00,2005-03-04 00:00
6285,0807,080701,628.5,1257.0,40892.23046875,,,,313.0,74.5,1,08,07,01,Hattie Lyle,2010-09-28 00:00,
6347,0807,080701,,,557.0,41.0,20.5,41.0,10.0,65.30000305175781,0,08,07,01,C276 Salvage,2006-04-19 00:00,2006-04-20 00:00
6497,0807,080701,,,56891.51953125,13944.0,2099.96630859375,4199.9326171875,1200.0,41.0,0,08,07,01,Bienville #14 SPB Salvage,2017-12-13 00:00,2017-12-20 00:00
6639,0807,080701,,,25097.099609375,22610.0,3405.06591796875,6810.1318359375,3290.0,41.0,0,08,07,01,Bienville #4 SPB Salvage,2017-10-20 00:00,2017-10-19 00:00
6746,0807,080701,,,513830.46875,12894.0,6447.0,12894.0,1934.0,26.0,0,08,07,01,"AU-14 East C-63,64,65,66",2003-09-30 00:00,2003-11-24 00:00
6815,0807,080701,,,290.6300048828125,22.0,11.0,22.0,20.0,65.30000305175781,0,08,07,01,Base Camp I Salvage,2006-04-28 00:00,2006-05-23 00:00
6851,0807,080701,,,9626.0,102.0,56.099998474121094,102.0,4.0,76.0,0,08,07,01,SPB Spot 1220,2002-09-19 00:00,2002-09-13 00:00
6938,0807,080701,,,116076.0,1164.0,640.2000122070312,1164.0,35.0,76.0,0,08,07,01,"SPB Spots 1263, 1175, 1250 & 1264",2002-08-08 00:00,2002-08-02 00:00
7110,0807,080701,,,209184.765625,5245.0,2622.5,5245.0,560.0,77.0999984741211,0,08,07,01,Compartment 23,2016-03-17 00:00,2016-08-22 00:00
7117,0807,080701,,,1371.219970703125,200.0,100.0,200.0,83.0,98.80000305175781,0,08,07,01,C277 Salvage,2005-10-31 00:00,2005-11-29 00:00
7238,0807,080701,,,268703.34375,12333.0,6166.5,12333.0,2220.0,71.19999694824219,0,08,07,01,Green Barn,2009-02-07 00:00,2009-06-30 00:00
7296,0807,080701,,,1927.5,169.0,84.5,169.0,20.0,71.19999694824219,0,08,07,01,C-23 Hardwood Blowdown,2009-08-30 00:00,2009-07-31 00:00
7307,0807,080701,,,10557.73046875,136.0,74.80000305175781,136.0,3.0,76.0,0,08,07,01,SPB Spot 1179,2002-07-05 00:00,2002-06-28 00:00
7434,0807,080701,,,432099.34375,9199.0,4599.5,9199.0,805.0,71.19999694824219,0,08,07,01,Northwest Bibalucta,2011-05-15 00:00,2011-05-23 00:00
7636,0807,080701,,,437349.5625,14663.0,7331.5,14663.0,1200.0,71.19999694824219,0,08,07,01,Haley,2009-09-20 00:00,2009-09-08 00:00
7988,0807,080701,,,160583.0,5934.0,3293.342041015625,5934.0,1178.0,76.0,0,08,07,01,"AU-28 234, 235, 237",2002-09-26 00:00,2002-09-06 00:00
8082,0807,080701,51.150001525878906,93.0,4415.14990234375,,,,2.0,71.19999694824219,1,08,07,01,SPB SPOT 1240,2002-07-16 00:00,
8618,0807,080701,,,14811.0,257.0,141.35000610351562,257.0,8.0,76.0,0,08,07,01,SPB SPOT 1068,2002-06-27 00:00,2002-06-21 00:00
8712,0807,080701,,,291.3900146484375,2.799999952316284,1.399999976158142,2.799999952316284,2.0,76.0,0,08,07,01,Marathon Hazard Trees 2,2003-07-21 00:00,2003-07-18 00:00
8798,0807,080701,,,2266.56005859375,202.0,101.0,202.0,50.0,65.30000305175781,0,08,07,01,C248 249 274 Salvage,2006-04-10 00:00,2006-04-27 00:00
9063,0807,080701,,,2997.800048828125,62.0,34.099998474121094,62.0,1.0,76.0,0,08,07,01,SPB spot 1118,2002-06-27 00:00,2002-06-21 00:00
9112,0807,080701,,,5646.2998046875,90.0,45.0,90.0,5.0,71.19999694824219,0,08,07,01,Sklar Timber Settlement,2009-02-12 00:00,2009-04-08 00:00
9217,0807,080701,,,2662.800048828125,93.0,46.5,93.0,30.0,98.80000305175781,0,08,07,01,Marathon Salvage #2,2006-03-27 00:00,2006-03-27 00:00
9307,0807,080701,,,4675.8798828125,65.0,32.5,65.0,5.0,81.5999984741211,0,08,07,01,SPB Spot 4006,2004-09-17 00:00,2004-09-21 00:00
9334,0807,080701,,,113025.0,1077.0,592.3499755859375,1077.0,43.0,76.0,0,08,07,01,SPB Spot 1121 & 1252,2002-07-25 00:00,2002-07-19 00:00
9558,0807,080701,,,,,,,,71.19999694824219,0,08,07,01,SPB SPOTS 1065 1071 1072,2002-06-12 00:00,
9736,0807,080701,,,146138.3125,28487.0,4290.14208984375,8580.2841796875,1300.0,41.0,0,08,07,01,Bienville #9 SPB Salvage,2017-11-15 00:00,2017-11-28 00:00
9750,0807,080701,,,135356.125,21249.0,3642.07861328125,6400.19873046875,1500.0,41.0,0,08,07,01,Bienville #26B SPB Salvage,2018-07-20 00:00,2018-08-10 00:00
9827,0807,080701,,,581958.8125,69863.0,11275.888671875,24088.76171875,571.0,13.0,0,08,07,01,Heater Ridge East Timber Sale,2024-05-22 00:00,2024-06-11 00:00
9953,0807,080701,,,5067.259765625,191.60000610351562,104.5177993774414,191.60000610351562,5.0,13.0,0,08,07,01,I20 MDOT Sale,2023-09-29 00:00,
10006,0807,080701,,,760923.5625,27917.0,13958.5,27917.0,1725.0,62.20000076293945,0,08,07,01,Buck Creek Stewardship,2013-12-15 00:00,2014-01-14 00:00
10072,0807,080701,,,15467.0,215.0,118.25,215.0,4.0,76.0,0,08,07,01,SPB Spot 1128,2002-07-23 00:00,2002-07-18 00:00
10203,0807,080701,,,461906.59375,13709.0,6854.5,13709.0,2334.0,65.30000305175781,0,08,07,01,Coon Creek,2007-06-29 00:00,2007-06-25 00:00
10466,0807,080701,,,152828.015625,3018.0,1659.9000244140625,3018.0,172.0,76.0,0,08,07,01,"Pineville C233, 243, 275, 280",2002-09-09 00:00,2002-08-28 00:00
10669,0807,080701,,,573175.5,15732.0,7866.0,15732.0,1596.0,74.5,0,08,07,01,East Bibalucta,2010-06-03 00:00,2010-09-16 00:00
10873,0807,080701,,,20401.2890625,,,,4000.0,41.0,0,08,07,01,Bienville #29-C SPB Salvage,2018-10-02 00:00,
11041,0807,080701,,,1645.0,41.0,20.5,41.0,5.0,42.099998474121094,0,08,07,01,SPB SPOT 7055,2007-10-18 00:00,2007-10-16 00:00
11084,0807,080701,,,419.2799987792969,24.0,12.0,24.0,5.0,65.30000305175781,0,08,07,01,Shongelo 3 Salvage,2006-11-20 00:00,2006-11-17 00:00
11351,0807,080701,,,85921.890625,20409.0,3073.595458984375,6147.19091796875,2200.0,41.0,0,08,07,01,Bienville #12 SPB Salvage,2017-11-29 00:00,2017-11-30 00:00
11485,0807,080701,,,9656.490234375,680.0,340.0,680.0,150.0,98.80000305175781,0,08,07,01,204 Salvage,2006-01-16 00:00,2006-01-13 00:00
11585,0807,080701,,,5089.2001953125,99.0,54.45000076293945,99.0,4.0,76.0,0,08,07,01,SPB Spot 1231,2002-07-25 00:00,2002-07-22 00:00
11644,0807,080701,,,18444.869140625,181.0,90.5,181.0,3.299999952316284,65.0999984741211,0,08,07,01,Tellus Oil Well,2012-10-22 00:00,2012-10-15 00:00
11905,0807,080701,,,252840.0,,,,1614.0,41.0,0,08,07,01,GA Sale 3 NWTF Stewardship Agreement,,
11920,0807,080701,,,25267.19921875,,,,12591.0,41.0,0,08,07,01,Bienville #30 SPB Salvage,2018-09-03 00:00,
12034,0807,080701,,,134617.84375,37814.0,5694.78857421875,11389.5771484375,1300.0,41.0,0,08,07,01,Bienville #6  SPB Salvage,2017-10-26 00:00,2017-11-10 00:00
12094,0807,080701,,,128086.7890625,,,,480.0,13.0,0,08,07,01,Compartment 60,2023-02-21 00:00,
12452,0807,080701,,,,,,,,0.0,0,08,07,01,Bienville #29A SPB Salvage,,
12636,0807,080701,,,14068.1103515625,174.0,95.69999694824219,174.0,38.0,76.0,0,08,07,01,SPB SPOT 1295A,2002-10-08 00:00,2002-10-02 00:00
12881,0807,080701,,,30210.0,,,,4000.0,41.0,0,08,07,01,Bienville #31-A SPB Salvage,2018-08-16 00:00,
12885,0807,080701,,,717.2000122070312,7.0,3.8499999046325684,7.0,2.0,76.0,0,08,07,01,Marathon Hazard Trees,2003-04-08 00:00,2003-04-28 00:00
13002,0807,080701,,,5862.06982421875,631.0,315.5,631.0,150.0,65.30000305175781,0,08,07,01,C208 209 210 Salvage,2006-04-10 00:00,2006-05-19 00:00
13003,0807,080701,,,3359.080078125,290.0,145.0,290.0,85.0,65.30000305175781,0,08,07,01,C-252/253 Salvage,2006-04-10 00:00,2006-04-19 00:00
13013,0807,080701,,,9667.0,173.0,95.1500015258789,173.0,5.0,76.0,0,08,07,01,SPB  SPOT 1199,2002-07-09 00:00,2002-07-03 00:00
13077,0807,080701,,,96447.890625,14861.0,2547.17529296875,4476.13330078125,3500.0,41.0,0,08,07,01,Bienville #23/24 SPB Salvage,2018-08-28 00:00,2018-08-28 00:00
13102,0807,080701,,,3127.25,253.0,126.5,253.0,75.0,65.30000305175781,0,08,07,01,C219/222 #2,2006-04-27 00:00,2006-05-01 00:00
13128,0807,080701,,,125.44000244140625,7.0,3.5,7.0,3.0,62.099998474121094,0,08,07,01,IPS Spot 8003 Salvage Sale,2008-08-08 00:00,2008-08-05 00:00
13150,0807,080701,,,395926.5,16098.0,8048.48388671875,16098.0,1038.0,13.0,0,08,07,01,Compartment 62,2022-08-24 00:00,2023-09-13 00:00
13270,0807,080701,,,14811.5,186.0,102.30000305175781,186.0,6.0,76.0,0,08,07,01,SPB SPOTS 1031 & 1103,2002-06-13 00:00,2002-06-10 00:00
13306,0807,080701,,,179675.578125,42882.0,6458.029296875,12251.3876953125,3290.0,41.0,0,08,07,01,Bienville SPB Salvage #1,2017-10-06 00:00,2017-10-05 00:00
13365,0807,080701,,,15369.7197265625,1201.0,600.5,1201.0,500.0,98.80000305175781,0,08,07,01,C-89-90-99 Salvage,2006-01-16 00:00,2006-01-11 00:00
13393,0807,080701,,,22776.0,354.0,194.6999969482422,354.0,9.0,62.099998474121094,0,08,07,01,SPB Spot 1167A,2002-10-10 00:00,
13859,0807,080701,,,14567.25,296.0,162.8000030517578,296.0,14.0,76.0,0,08,07,01,SPB SPOTS 1065 1071 1072,2002-06-13 00:00,2002-06-10 00:00
14736,0807,080701,,,265515.75,30982.0,4997.396484375,10657.8076171875,253.0,13.0,0,08,07,01,Shongelo Timber Sale,2024-05-08 00:00,
14743,0807,080701,,,2856.699951171875,,,,1.0,71.19999694824219,0,08,07,01,SPB SPOT 1105,2002-06-19 00:00,
14866,0807,080701,,,29665.6796875,22474.0,3384.58447265625,6769.1689453125,1500.0,41.0,0,08,07,01,Bienville #10 SPB Salvage,2017-11-17 00:00,2017-12-03 00:00
15340,0807,080701,,,2420.949951171875,,,,2.0,71.19999694824219,0,08,07,01,SPB SPOT 1226,2002-07-16 00:00,
15396,0807,080701,,,8773.5400390625,407.0,203.5,407.0,140.0,65.30000305175781,0,08,07,01,C-77-2 Salvage,2006-04-10 00:00,2006-04-17 00:00
15474,0807,080701,,,24644.0,216.0,118.80000305175781,216.0,10.0,76.0,0,08,07,01,SPB SPOT 1284,2002-09-05 00:00,2002-08-30 00:00
15537,0807,080701,,,15973.5498046875,170.0,93.5,170.0,6.0,76.0,0,08,07,01,SPB SPOT 1169,2002-09-10 00:00,2002-09-04 00:00
15668,0807,080701,,,576613.1875,173131.0,26973.810546875,49463.52734375,13288.0,39.0,0,08,07,01,NWTF Stewardship Agreement,2019-09-30 00:00,2019-09-19 00:00
15719,0807,080701,,,,,,,,0.0,0,08,07,01,NWTF Stewardship Agreement Mod 2 Sale 3,,
15756,0807,080701,,,334095.59375,8506.0,4253.0,8506.0,888.0,62.099998474121094,0,08,07,01,Shoesole,2008-09-01 00:00,2008-09-30 00:00
15851,0807,080701,,,109977.5,1126.0,619.2999877929688,1126.0,32.0,76.0,0,08,07,01,SPB Spot 1263A,2002-09-24 00:00,2002-09-18 00:00
16204,0807,080701,,,57745.83984375,18274.0,2752.064453125,5504.12890625,928.0,41.0,0,08,07,01,Bienville #8 SPB Salvage,2017-11-09 00:00,2017-11-21 00:00
16377,0807,080701,48.0,96.0,6647.2001953125,,,,4.0,71.19999694824219,1,08,07,01,SPB SPOT 3015,2003-09-29 00:00,
16721,0807,080701,,,18816.0,,,,5967.0,41.0,0,08,07,01,Bienville #31-B SPB Salvage,2018-09-01 00:00,
16910,0807,080701,,,23341.0,233.0,128.14999389648438,233.0,25.0,62.099998474121094,0,08,07,01,SPB SPOT 1312A,2002-10-10 00:00,
17097,0807,080701,,,1612.6199951171875,,,,2.0,71.19999694824219,0,08,07,01,SPB Spot 1091,2002-07-16 00:00,
17125,0807,080701,,,88241.171875,19919.0,2999.801513671875,5999.60302734375,2000.0,41.0,0,08,07,01,Bienville #16 SPB Salvage,2018-04-27 00:00,2018-05-10 00:00
17310,0807,080701,,,1325.5699462890625,24.0,12.0,24.0,50.0,65.30000305175781,0,08,07,01,South Mississippi Electric Spec Use Timber Settlement,2006-09-17 00:00,2006-09-20 00:00
17327,0807,080701,,,13190.51953125,596.0,298.0,596.0,571.0,65.30000305175781,0,08,07,01,Bienville Stewardship Prairies,2007-06-30 00:00,2007-09-17 00:00
17355,0807,080701,10.449999809265137,19.0,102.33999633789062,,,,1.0,71.19999694824219,1,08,07,01,SPB SPOT 1108,2002-07-05 00:00,
17483,0807,080701,,,1533.219970703125,39.0,19.5,39.0,6.0,65.30000305175781,0,08,07,01,Scott Co. Bridge Replacement,2006-11-07 00:00,2006-11-01 00:00
17505,0807,080701,,,201880.0,,,,1351.0,41.0,0,08,07,01,GA Sale 3 TNC Stewardship Agreement,,
17720,0807,080701,,,8228.0,99.0,54.45000076293945,99.0,5.0,76.0,0,08,07,01,SPB SPOT 1153,2002-09-10 00:00,2002-09-04 00:00
17983,0807,080701,,,56883.46875,14623.0,2202.223876953125,4404.44775390625,800.0,41.0,0,08,07,01,Bienville #5 SPB Salvage,2017-10-23 00:00,2017-10-27 00:00
18014,0807,080701,,,1431.699951171875,139.0,69.5,139.0,50.0,65.30000305175781,0,08,07,01,Rd 550 Salvage,2006-04-27 00:00,2006-05-01 00:00
18413,0807,080701,,,2665.60009765625,,,,2.0,71.19999694824219,0,08,07,01,SPB Spot 1246,2002-07-18 00:00,
18519,0807,080701,,,16346.0595703125,328.0,180.39999389648438,328.0,16.0,76.0,0,08,07,01,SPB SPOT 1290,2002-10-03 00:00,2002-09-27 00:00
18648,0807,080701,,,1441.81005859375,11.0,5.5,11.0,2.0,26.0,0,08,07,01,Weather Station Thinning,2004-04-09 00:00,2004-04-21 00:00
18705,0807,080701,,,123.1500015258789,5.0,2.5,5.0,5.800000190734863,74.5,0,08,07,01,New Good Hope Salvage,2010-10-06 00:00,2010-11-16 00:00
18813,0807,080701,,,1834.5799560546875,29.0,14.5,29.0,2.0,81.5999984741211,0,08,07,01,Wind Damage Landline,2004-12-17 00:00,2005-01-14 00:00
18833,0807,080701,,,,,,,,0.0,0,08,07,01,Bienville #28 SPB Salvage,,
18898,0807,080701,,,3625.85009765625,53.0,29.149999618530273,53.0,1.0,76.0,0,08,07,01,SPB spot 1106,2002-07-02 00:00,2002-06-26 00:00
18908,0807,080701,,,33432.8203125,2343.0,1171.5,2343.0,240.0,74.5,0,08,07,01,AU 17 & AU 14 First Thin,2009-12-01 00:00,2010-01-19 00:00
18910,0807,080701,,,7730.10009765625,78.0,42.900001525878906,78.0,3.0,76.0,0,08,07,01,SPB Spot 1315,2002-09-12 00:00,2002-09-06 00:00
19201,0807,080701,,,11572.919921875,104.0,57.20000076293945,104.0,3.0,76.0,0,08,07,01,SPB SPOT 1122,2002-08-13 00:00,2002-08-07 00:00
19496,0807,080701,,,181366.0,11263.0,5631.5,11263.0,2281.0,62.099998474121094,0,08,07,01,Barber Creek,2008-06-30 00:00,2008-06-26 00:00
19557,0807,080701,,,126.72000122070312,,,,10.0,74.5,0,08,07,01,508D SPB Salvage,2011-07-27 00:00,
19678,0807,080701,,,252.6699981689453,29.0,14.5,29.0,46.0,98.69999694824219,0,08,07,01,Shongelo Salvage,2005-10-10 00:00,2005-11-30 00:00
19749,0807,080701,,,1525.449951171875,74.0,37.0,74.0,5.0,98.80000305175781,0,08,07,01,Rd 534 and 529 Salvage,2005-12-23 00:00,2005-12-17 00:00
19766,0807,080701,,,32439.75,452.0,248.60000610351562,452.0,11.0,76.0,0,08,07,01,SPB SPOT 1069,2002-05-31 00:00,2002-05-24 00:00
19781,0807,080701,,,9381.0,114.0,62.70000076293945,114.0,2.0,76.0,0,08,07,01,SPB Spot 1147,2002-07-09 00:00,2002-07-03 00:00
19787,0807,080701,,,372164.28125,46003.0,7424.88427734375,15861.833984375,376.0,17.0,0,08,07,01,Heater Ridge West,2024-06-12 00:00,2024-07-11 00:00
19798,0807,080701,,,2026.1800537109375,,,,5.0,71.19999694824219,0,08,07,01,SPB Spot 1339,2002-09-25 00:00,
19829,0807,080701,,,5537.85009765625,74.0,40.70000076293945,74.0,4.0,76.0,0,08,07,01,SPB SPOT 1302A,2002-09-16 00:00,2002-09-16 00:00
20060,0807,080701,,,75756.1484375,812.0,406.0,812.0,45.0,62.099998474121094,0,08,07,01,C-34 Shelterwood,2008-06-10 00:00,2008-06-26 00:00
20067,0807,080701,,,6478.6201171875,105.0,57.75,105.0,3.0,76.0,0,08,07,01,"SPB Spot 1144, 1145",2002-07-09 00:00,2002-07-03 00:00
20598,0807,080701,,,19648.5,204.0,112.19999694824219,204.0,7.0,76.0,0,08,07,01,SPB SPOT 1261,2002-08-13 00:00,2002-08-07 00:00
20682,0807,080701,,,81188.5,22870.0,3444.221923828125,6888.44384765625,1083.0,41.0,0,08,07,01,Bienville #7 SPB Salvage,2017-11-03 00:00,2017-11-30 00:00
20721,0807,080701,,,373.75,14.0,7.0,14.0,3.0,65.30000305175781,0,08,07,01,SPB Spot 7033,2007-08-25 00:00,2007-08-27 00:00
20987,0807,080701,,,6482.89990234375,,,,4.0,71.19999694824219,0,08,07,01,SSPB SPOT 1160,2002-07-09 00:00,
21099,0807,080701,,,17432.73046875,8673.0,1306.15380859375,2612.3076171875,3500.0,41.0,0,08,07,01,Bienville #21/22 SPB Salvage,2018-05-30 00:00,2018-05-30 00:00
21363,0807,080701,,,567.8900146484375,22.0,11.0,22.0,5.0,98.80000305175781,0,08,07,01,Wicker Salvage,2006-04-04 00:00,2006-04-14 00:00
21465,0807,080701,20.0,40.0,79.5199966430664,,,,5.0,71.19999694824219,1,08,07,01,SPB Spots 7001 and 7002,2007-08-17 00:00,
21730,0807,080701,,,12622.0,123.0,67.6500015258789,123.0,8.0,76.0,0,08,07,01,SPB SPOT 1336,2002-10-01 00:00,2002-09-25 00:00
21972,0807,080701,,,700.0,,,,5.0,41.0,0,08,07,01,541 Pickup,2018-10-25 00:00,
21975,0807,080701,,,91593.6015625,12992.0,2024.153564453125,3711.814453125,4782.0,39.0,0,08,07,01,Bienville #42 SPB Salvage,2019-10-01 00:00,2019-09-26 00:00
21985,0807,080701,,,10795.759765625,123.0,61.5,123.0,5.0,26.0,0,08,07,01,Co. Rd. 504 Powerline ROW,2003-12-09 00:00,2003-11-14 00:00
21992,0807,080701,,,4776.0,47.0,23.5,47.0,3.0,26.0,0,08,07,01,SPB SPOT 3036,2003-09-18 00:00,2003-09-12 00:00
22002,0807,080701,,,4007.5,42.0,21.0,42.0,3.0,76.0,0,08,07,01,SPB SPOT 3011,2003-08-19 00:00,2003-08-13 00:00
22022,0807,080701,92.4000015258789,168.0,11585.0,,,,5.0,71.19999694824219,1,08,07,01,SPB spot 1128 & 1129,2002-07-05 00:00,
22032,0807,080701,,,7116.5,101.0,55.54999923706055,101.0,2.0,76.0,0,08,07,01,SPB SPOT 1148,2002-07-09 00:00,2002-07-03 00:00
22033,0807,080701,,,11946.0,144.0,79.19999694824219,144.0,2.0,76.0,0,08,07,01,SPB SPOT1190,2002-07-09 00:00,2002-07-03 00:00
22037,0807,080701,73.1500015258789,133.0,8124.89990234375,,,,4.0,71.19999694824219,1,08,07,01,SPB Spot 1176 1175 1250,2002-07-16 00:00,
22045,0807,080701,,,3912.85009765625,,,,3.0,71.19999694824219,0,08,07,01,SPB Spot 1165,2002-07-23 00:00,
22047,0807,080701,,,1831.0999755859375,37.0,20.350000381469727,37.0,1.0,76.0,0,08,07,01,SPB SPOT 1107,2002-06-27 00:00,2002-06-21 00:00
22056,0807,080701,,,12432.0,115.0,63.25,115.0,9.0,76.0,0,08,07,01,SPB SPOT 1296,2002-08-20 00:00,2002-08-14 00:00
22057,0807,080701,,,4718.52978515625,66.0,36.29999923706055,66.0,3.0,76.0,0,08,07,01,SPB SPOT 1255,2002-08-20 00:00,2002-08-14 00:00
22065,0807,080701,,,9949.0,101.0,55.54999923706055,101.0,6.0,76.0,0,08,07,01,SPB SPOT 1302,2002-09-05 00:00,2002-08-30 00:00
22073,0807,080701,,,25861.5,257.0,141.35000610351562,257.0,6.0,76.0,0,08,07,01,SPB Spot 1287 & 1288,2002-09-19 00:00,2002-09-13 00:00
22081,0807,080701,,,48310.5,501.0,275.54998779296875,501.0,36.0,76.0,0,08,07,01,Spb spot 1068A,2002-10-01 00:00,2002-09-25 00:00
22097,0807,080701,,,198463.453125,8422.0,4211.0,8422.0,1087.0,81.5999984741211,0,08,07,01,Southwest Cherry,2004-09-30 00:00,2005-06-17 00:00
22099,0807,080701,,,441195.5,10171.0,5085.5,10171.0,1320.0,81.5999984741211,0,08,07,01,Old Field,2005-07-20 00:00,2005-09-07 00:00
22101,0807,080701,,,5829.240234375,83.0,41.5,83.0,5.0,81.5999984741211,0,08,07,01,SPB Spot 4005,2004-09-17 00:00,2004-09-30 00:00
22107,0807,080701,,,1670.5,104.0,57.20000076293945,104.0,10.0,76.0,0,08,07,01,SPB SPOT 1331,2002-09-18 00:00,2002-09-17 00:00
22116,0807,080701,,,2770.0,243.0,121.5,243.0,60.0,98.80000305175781,0,08,07,01,C53/56 Salvage,2006-01-16 00:00,2006-01-11 00:00
22122,0807,080701,,,692.469970703125,6.849999904632568,3.424999952316284,6.849999904632568,5.0,98.80000305175781,0,08,07,01,Weather Station,2005-11-09 00:00,2005-11-09 00:00
22123,0807,080701,,,4986.43994140625,449.0,224.5,449.0,150.0,98.80000305175781,0,08,07,01,C219 222 Salvage,2006-04-10 00:00,2006-04-14 00:00
22125,0807,080701,,,207587.5625,6497.0,3248.5,6497.0,775.0,62.20000076293945,0,08,07,01,South End Sale,2013-01-10 00:00,2013-09-11 00:00
22146,0807,080701,,,2595.0,45.0,22.5,45.0,5.0,42.099998474121094,0,08,07,01,SPB Spot 7042,2007-09-17 00:00,2007-09-19 00:00
22165,0807,080701,,,394599.34375,10462.0,5231.0,10462.0,1200.0,65.0999984741211,0,08,07,01,Balucta Creek,2012-02-01 00:00,2012-05-01 00:00
22166,0807,080701,,,5842.5,441.0,220.5,441.0,100.0,65.30000305175781,0,08,07,01,Compt 239/250,2006-04-10 00:00,2006-04-12 00:00
22171,0807,080701,,,241656.8125,14129.0,7064.5,14129.0,850.0,63.0,0,08,07,01,Compartment 24/27 Horse Trail Sale,2015-07-15 00:00,2015-09-10 00:00
22174,0807,080701,,,416504.90625,32486.0,16243.0,32486.0,3000.0,50.0,0,08,07,01,Columbus Stewardship,2017-08-24 00:00,2017-08-24 00:00
22181,0807,080701,,,213403.84375,37152.0,6490.45458984375,12984.6240234375,909.0,39.0,0,08,07,01,C-72,2021-05-04 00:00,2021-05-03 00:00
22183,0807,080701,,,234986.890625,49276.0,8105.90185546875,16359.6318359375,1832.0,39.0,0,08,07,01,Compartment 70-71 DXP,2021-09-17 00:00,2021-09-08 00:00
22195,0807,080701,,,217346.375,23858.0,3850.68115234375,8226.23828125,195.0,13.0,0,08,07,01,Polkville TImber Sale,2024-04-24 00:00,
22197,0807,080701,,,5673.6298828125,155.08999633789062,84.60159301757812,155.08999633789062,5.0,13.0,0,08,07,01,Tellus 31-10,2024-03-14 00:00,2024-03-04 00:00
22199,0807,080701,,,608158.3125,17868.0,8934.0,17868.0,1119.0,65.0999984741211,0,08,07,01,Sugar Bouge,2012-09-26 00:00,2012-09-25 00:00
22218,0807,080701,,,33100.078125,2608.0,1304.0,2608.0,700.0,98.80000305175781,0,08,07,01,C 214/215/217/218 Salvage,2006-01-16 00:00,2006-01-13 00:00
22520,0807,080701,,,364522.625,8952.0,4476.0,8952.0,1334.0,76.0,0,08,07,01,"AU-14 West C-61,62,63,64,67,68",2003-09-30 00:00,2003-09-26 00:00
22920,0807,080701,,,88103.5703125,20161.0,3036.24658203125,6072.4931640625,1000.0,41.0,0,08,07,01,Bienville #13 SPB Salvage,2017-12-20 00:00,2017-12-20 00:00
23211,0807,080701,,,122844.28125,6947.0,3473.5,6947.0,635.0,63.0,0,08,07,01,Compartment 38 Stewardship,2015-06-22 00:00,2015-09-16 00:00
23227,0807,080701,,,2765.0,63.0,31.5,63.0,35.0,81.5999984741211,0,08,07,01,Forest Office Salvage,2005-10-10 00:00,2005-10-13 00:00
23247,0807,080701,,,87920.0,,,,1614.0,41.0,0,08,07,01,GA Sale 2 NWTF Stewardship Agreement,,
23576,0807,080701,,,625.0,25.0,12.5,25.0,35.0,65.30000305175781,0,08,07,01,Marathon Salvage Fall 06,2006-12-15 00:00,2006-12-18 00:00
23763,0807,080701,,,4135.0,50.0,27.5,50.0,2.0,76.0,0,08,07,01,SPB Spot 1241,2002-07-05 00:00,2002-06-28 00:00
23862,0807,080701,,,8689.0,91.0,50.04999923706055,91.0,2.0,76.0,0,08,07,01,SPB SPOT 1285,2002-08-13 00:00,2002-08-07 00:00
23875,0807,080701,,,52181.171875,12107.0,2075.139892578125,3646.62841796875,4000.0,41.0,0,08,07,01,Bienville #29-B SPB Salvage,2018-10-01 00:00,2018-09-27 00:00
23980,0807,080701,,,7304.0,73.0,40.150001525878906,73.0,6.0,76.0,0,08,07,01,SPB SPOT 1326,2002-10-01 00:00,2002-09-25 00:00
23985,0807,080701,,,10666.5,959.0,479.5,959.0,300.0,98.80000305175781,0,08,07,01,C-251 Salvage,2006-04-10 00:00,2006-04-14 00:00
24194,0807,080701,,,438.5,30.0,15.0,30.0,20.0,65.30000305175781,0,08,07,01,Shongelo Salvage #2,2006-04-10 00:00,2006-04-21 00:00
24274,0807,080701,29.149999618530273,53.0,3155.199951171875,,,,2.0,71.19999694824219,1,08,07,01,SPB SPOT 1177 AND 1178,2002-07-16 00:00,
24330,0807,080701,,,8979.0,103.0,56.650001525878906,103.0,6.0,76.0,0,08,07,01,SPB SPOT 1274,2002-09-05 00:00,2002-08-30 00:00
24514,0807,080701,,,12180.0,108.0,59.400001525878906,108.0,5.0,76.0,0,08,07,01,SPB SPOT 1151,2002-08-29 00:00,2002-08-23 00:00
24824,0807,080701,,,6248.18017578125,193.0,96.5,193.0,10.0,65.30000305175781,0,08,07,01,Yates Oil Well,2006-05-05 00:00,2006-05-05 00:00
24916,0807,080701,,,28108.240234375,457.0,228.5,457.0,70.0,74.5,0,08,07,01,I-20 ROW Hazards,2010-10-17 00:00,2011-02-11 00:00
25288,0807,080701,,,21988.0,257.0,141.35000610351562,257.0,15.0,76.0,0,08,07,01,SPB SPOTS 1295 AND 1177,2002-09-03 00:00,2002-08-28 00:00
25564,0807,080701,,,,,,,,0.0,0,08,07,01,NWTF Stewardship Agreement Mod 2 Sale 2,,
25643,0807,080701,,,2928.5,70.0,35.0,70.0,50.0,81.5999984741211,0,08,07,01,Marathon Salvage,2005-10-07 00:00,2005-10-07 00:00
25658,0807,080701,,,29133.0,322.0,177.10000610351562,322.0,5.0,76.0,0,08,07,01,506 ROW,2002-06-07 00:00,2002-06-10 00:00
25723,0807,080701,,,4395.93017578125,465.0,232.5,465.0,150.0,98.80000305175781,0,08,07,01,C-77 Salvage,2005-11-01 00:00,2005-11-30 00:00
26224,0807,080701,,,18192.0,148.0,81.4000015258789,148.0,5.0,76.0,0,08,07,01,SPB SPOT 1305,2002-08-29 00:00,2002-08-23 00:00
26331,0807,080701,,,1058706.5,138393.0,21561.62890625,39538.87890625,9143.0,39.0,0,08,07,01,GA TNC Stewardship Agreement,2020-02-13 00:00,2020-02-18 00:00
26352,0807,080701,,,7312.0,408.0,204.0,408.0,93.0,98.80000305175781,0,08,07,01,C267/269 Salvage,2006-04-10 00:00,2006-04-10 00:00
26517,0807,080701,24.75,45.0,2654.60009765625,,,,2.0,71.19999694824219,1,08,07,01,SPB Spot 1235,2002-07-25 00:00,
26608,0807,080701,,,1731.0,26.0,13.0,26.0,3.0,65.30000305175781,0,08,07,01,SPB Spot 7003,2007-08-16 00:00,2007-08-14 00:00
26735,0807,080701,,,10144.0,124.0,68.19999694824219,124.0,4.0,76.0,0,08,07,01,SPB SPOT 1249 AND 1174,2002-07-15 00:00,2002-07-10 00:00
26922,0807,080701,,,3616.0,40.0,20.0,40.0,3.0,76.0,0,08,07,01,Spb Spot 3014,2003-08-19 00:00,2003-08-15 00:00
26967,0807,080701,,,483.1499938964844,5.289999961853027,2.6449999809265137,5.289999961853027,10.0,65.30000305175781,0,08,07,01,SMEPA Timber Settlement #2,2007-06-07 00:00,2007-05-15 00:00
27077,0807,080701,,,530760.0,54048.87890625,9620.7001953125,19619.744140625,346.0,13.0,0,08,07,01,Hwy. 35 Timber Sale,2023-11-21 00:00,2024-03-19 00:00
27324,0807,080701,,,4548.7001953125,145.0,79.75,145.0,4.0,76.0,0,08,07,01,SB SPOT 1098,2002-06-27 00:00,2002-06-21 00:00
27401,0807,080701,,,9189.0,105.0,57.75,105.0,1.0,76.0,0,08,07,01,SPB SPOT 1078,2002-06-27 00:00,2002-06-21 00:00
27508,0807,080701,,,4606.0,42.0,21.0,42.0,3.0,76.0,0,08,07,01,SPB SPOT 3006,2003-08-19 00:00,2003-08-13 00:00
27595,0807,080701,,,131676.90625,25819.0,3888.34130859375,7376.48828125,1081.0,41.0,0,08,07,01,Bienville #3 SPB Salvage,2017-10-19 00:00,2017-11-03 00:00
27757,0807,080701,,,504.1700134277344,20.420000076293945,10.210000038146973,20.420000076293945,5.0,98.80000305175781,0,08,07,01,Logan Salvage,2006-03-08 00:00,2006-03-22 00:00
27914,0807,080701,,,,,,,,0.0,0,08,07,01,GA Sale 2 TNC Stewardship Agreement,,
28023,0807,080701,,,2432.949951171875,68.0,37.400001525878906,68.0,2.0,76.0,0,08,07,01,SPB SPOT 1083,2002-06-06 00:00,2002-06-10 00:00
28087,0807,080701,,,2026.199951171875,,,,1.0,71.19999694824219,0,08,07,01,SPB SPOT 1096,2002-06-19 00:00,
28213,0807,080701,,,2755.840087890625,215.0,118.25,215.0,5.0,76.0,0,08,07,01,SPB SPOT 1166 AND 1167,2002-07-09 00:00,2002-06-26 00:00
28236,0807,080701,,,7962.0,105.0,57.75,105.0,2.0,76.0,0,08,07,01,SPB SPOT #1087,2002-05-30 00:00,2002-05-28 00:00
28332,0807,080701,,,12827.0,112.0,61.599998474121094,112.0,5.0,76.0,0,08,07,01,SPB SPOT 1195,2002-09-03 00:00,2002-08-28 00:00
28377,0807,080701,,,10011.669921875,363.0,181.5,363.0,169.0,74.5,0,08,07,01,Tadpole Road Salvage,2010-06-15 00:00,2010-06-24 00:00
28476,0807,080701,,,734494.625,85480.0,14061.4599609375,28122.919921875,1397.0,39.0,0,08,07,01,Compartment 73-74 DXP,2021-07-30 00:00,2021-06-24 00:00
28708,0807,080701,27.5,55.0,4556.08984375,,,,3.0,71.19999694824219,1,08,07,01,SPB SPOT 3018,2003-08-19 00:00,
28797,0807,080701,,,3535.0,40.0,20.0,40.0,3.0,26.0,0,08,07,01,SPB SPOT 3031,2003-09-18 00:00,2003-09-12 00:00
28816,0807,080701,,,20279.25,261.0,143.5500030517578,261.0,12.0,76.0,0,08,07,01,SPB SPOT 1324,2002-10-01 00:00,2002-09-25 00:00
28824,0807,080701,,,3548.0,43.0,23.649999618530273,43.0,1.0,76.0,0,08,07,01,SPB SPOT 1093,2002-06-19 00:00,2002-06-12 00:00
28905,0807,080701,,,1195.5400390625,19.0,9.5,19.0,4.0,62.099998474121094,0,08,07,01,Chambers Special Use,2008-07-15 00:00,2008-06-23 00:00
28931,0807,080701,,,8832.599609375,,,,2000.0,41.0,0,08,07,01,Bien SPB Salv. 537 C&L,2017-12-01 00:00,
29038,0807,080701,,,35936.5703125,377.0,207.35000610351562,377.0,20.0,76.0,0,08,07,01,SPB SPOT 1337,2002-10-08 00:00,2002-10-02 00:00
29126,0807,080701,,,107495.640625,30366.0,4573.11962890625,9146.2392578125,3000.0,41.0,0,08,07,01,Bienville #27 SPB Salvage,2018-07-07 00:00,2018-07-07 00:00
29358,0807,080701,,,51397.08984375,4429.0,2214.5,4429.0,3130.0,62.099998474121094,0,08,07,01,Bienville Stewardship Thinning,2008-01-15 00:00,2008-04-25 00:00
29386,0807,080701,,,12036.0,2006.0,352.0530090332031,703.9053955078125,242.0,74.5,0,08,07,01,Trenton Tornado Salvage,2011-07-15 00:00,2011-08-04 00:00
29402,0807,080701,,,5456.5,101.0,50.5,101.0,65.0,81.5999984741211,0,08,07,01,White Oak Salvage,2005-05-27 00:00,2005-05-23 00:00
29433,0807,080701,,,1046.010009765625,17.0,8.5,17.0,3.0,62.099998474121094,0,08,07,01,Ips Spot 8001 Salvage Sale,2008-07-28 00:00,2008-07-25 00:00
29676,0807,080701,,,8955.080078125,686.0,343.0,686.0,175.0,65.30000305175781,0,08,07,01,C-225 Salvage,2006-04-14 00:00,2006-05-01 00:00
29967,0807,080701,,,997.0,61.0,30.5,61.0,88.0,74.5,0,08,07,01,Pisgah Tornado Salvage,2011-03-30 00:00,2011-03-31 00:00
30065,0807,080701,,,13266.0,172.0,94.5999984741211,172.0,5.0,76.0,0,08,07,01,SPB Spot 1244,2002-07-16 00:00,2002-07-10 00:00
30092,0807,080701,,,34422.5,380.0,209.0,380.0,6.0,76.0,0,08,07,01,"SPB Spots 1154, 1155",2002-07-09 00:00,2002-07-03 00:00
30405,0807,080701,,,5730.0,56.0,30.799999237060547,56.0,4.0,76.0,0,08,07,01,SPB SPOT 1306,2002-08-29 00:00,2002-08-23 00:00
30728,0807,080701,,,29106.490234375,9359.0,1409.4654541015625,2818.930908203125,400.0,41.0,0,08,07,01,Bienville #11 SPB Salvage,2017-11-15 00:00,2017-11-09 00:00
30911,0807,080701,,,2824.699951171875,,,,2.0,71.19999694824219,0,08,07,01,SPB SPOT   1197,2002-07-09 00:00,
31047,0807,080701,,,,,,,,71.19999694824219,0,08,07,01,SPB SOPT 1166 AND 1167,2002-07-09 00:00,
31282,0807,080701,,,3232.449951171875,52.0,28.600000381469727,52.0,1.0,76.0,0,08,07,01,SPB SPOT 1115,2002-05-29 00:00,2002-05-28 00:00
31285,0807,080701,,,375.8599853515625,4.630000114440918,2.315000057220459,4.630000114440918,3.0,42.099998474121094,0,08,07,01,Tallahala Headquarters Salvage,2007-12-18 00:00,2007-12-18 00:00
31319,0807,080701,,,215058.71875,47162.0,7102.59716796875,14205.1943359375,3290.0,41.0,0,08,07,01,Bienville #2 SPB Salvage,2017-10-10 00:00,2017-10-12 00:00
31521,0807,080701,,,64694.48828125,13017.0,1960.3602294921875,3920.720458984375,8500.0,41.0,0,08,07,01,Bienville #25 SPB Salvage,2018-06-04 00:00,2018-07-07 00:00
31723,0807,080701,,,158446.890625,26901.0,4051.29052734375,8102.5810546875,3000.0,41.0,0,08,07,01,Bienville #28 SPB Salvage,2018-08-01 00:00,2018-07-27 00:00
31760,0807,080701,30.799999237060547,56.0,3970.39990234375,,,,1.0,71.19999694824219,1,08,07,01,SPB Spot 1122,2002-07-05 00:00,
31761,0807,080701,,,25342.5,274.0,150.6999969482422,274.0,9.0,76.0,0,08,07,01,SPB Spot 1312,2002-09-10 00:00,2002-09-04 00:00
31889,0807,080701,,,4065.0,40.0,20.0,40.0,3.0,76.0,0,08,07,01,SPB spot 3025,2003-08-20 00:00,2003-08-15 00:00
31974,0807,080701,,,53472.44140625,9884.0,1539.92724609375,2823.85888671875,9894.0,39.0,0,08,07,01,Bienville #41 SPB Salvage,2019-09-20 00:00,2019-09-24 00:00
32257,0807,080701,,,7910.0,74.0,40.70000076293945,74.0,2.0,76.0,0,08,07,01,SPB Spot 1300,2002-09-12 00:00,2002-09-06 00:00
32457,0807,080701,,,34991.0,379.0,208.4499969482422,379.0,22.0,76.0,0,08,07,01,SPB SPOT 1286,2002-10-01 00:00,2002-09-25 00:00
32637,0807,080701,,,581691.0,17607.0,8803.5,17607.0,1034.0,77.0999984741211,0,08,07,01,Compartment 46,2016-08-03 00:00,2016-09-08 00:00
32845,0807,080701,,,3394.8701171875,209.0,102.76190185546875,209.0,12.0,13.0,0,08,07,01,Tellus Oil Well #2,2022-09-29 00:00,
33058,0807,080701,,,9228.0,93.0,51.150001525878906,93.0,1.0,76.0,0,08,07,01,SPB Spot 1224,2002-07-16 00:00,2002-07-10 00:00
33169,0807,080701,,,143506.0,7642.0,3821.0,7642.0,800.0,63.0,0,08,07,01,Compartment 26,2015-07-15 00:00,2015-09-11 00:00
33236,0807,080701,,,,,,,,0.0,0,08,07,01,Tellus Operating Group Well 31-10#1/6-7#2,,
33339,0807,080701,10.5,21.0,61.0,,,,9.5,74.5,1,08,07,01,SPB Spot 10-1 Salvage - Reoffer,2010-08-12 00:00,
33692,0807,080701,48.31840133666992,88.0,4002.39990234375,88.0,48.31840133666992,88.0,2.0,62.099998474121094,0,08,07,01,SPB spot 1117,2002-06-27 00:00,
34014,0807,080701,79.19999694824219,144.0,14040.0,144.0,79.19999694824219,144.0,3.0,76.0,0,08,07,01,SPB SPOT 1258,2002-08-20 00:00,2002-08-14 00:00
34236,0807,080701,5093.5,10187.0,192315.140625,10187.0,5093.5,10187.0,1736.0,26.0,0,08,07,01,"C-30,37 East Cherry",2004-06-15 00:00,2005-06-13 00:00
34263,0807,080701,35.20000076293945,64.0,4708.0,64.0,35.20000076293945,64.0,2.0,76.0,0,08,07,01,SPB Spot 1236,2002-07-16 00:00,2002-07-10 00:00
34286,0807,080701,1490.5,2981.0,83244.1875,2981.0,1490.5,2981.0,670.0,81.5999984741211,0,08,07,01,"C-31,34 NW Cherry",2004-12-15 00:00,2005-08-18 00:00
34367,0807,080701,3857.0,7714.0,513736.09375,7714.0,3857.0,7714.0,922.0,26.0,0,08,07,01,AU-6 Central Cherry,2004-08-30 00:00,2004-12-28 00:00
34543,0807,080701,5066.73486328125,10489.0,195144.203125,10489.0,5066.73486328125,10489.0,635.0,13.0,0,08,07,01,Caney South,2022-09-30 00:00,2022-09-21 00:00
