name,latitude,longitude,type,address,city,subtype
Walmart Neighborhood Market,37.6380625,-97.3542217,walmart,"South Seneca Street, Wichita, KS 67217",Wichita,neighborhood_market
Walmart Supercenter,37.6753851,-97.4135134,walmart,"West Kellogg Drive, Wichita, KS 67209",Wichita,supercenter
Sam's Club,37.6755934,-97.4155032,walmart,"West Kellogg Drive, Wichita, KS 67209",Wichita,sams_club
Walmart Supercenter,39.1885494,-96.5561951,walmart,"Bluemont Avenue, Manhattan, KS 66502",Manhattan,supercenter
Walmart Supercenter,37.7246596,-97.4659237,walmart,"West 21st Street North, Wichita, KS 67205",Wichita,supercenter
Walmart Supercenter,38.9031723,-99.3212377,walmart,"North Vine Street, Hays, KS 67601",Hays,supercenter
Walmart Supercenter,39.3672031,-101.0474868,walmart,"West Willow Avenue, Colby, KS 67701",Colby,supercenter
Walmart Supercenter,39.8433927,-96.6050795,walmart,"Pony Expressway Highway, Marysville, KS 66508",Marysville,supercenter
Walmart Supercenter,38.8862013,-94.837975,walmart,"North K 7 Highway, Olathe, KS 66061",Olathe,supercenter
Walmart Supercenter,38.8808455,-94.758279,walmart,"South Alden Street, Olathe, KS 66062",Olathe,supercenter
Walmart,39.0355597,-94.6411796,walmart,"Roe Boulevard, Roeland Park, KS 66205",Roeland Park,walmart
Sam's Club,37.7461541,-97.2477132,walmart,"North Rock Road, Wichita, KS 67226",Wichita,sams_club
Walmart Supercenter,39.039507,-95.764634,walmart,"Southwest Wanamaker Road, Topeka, KS 66604",Topeka,supercenter
Sam's Club,39.0415914,-95.7646319,walmart,"Southwest Wanamaker Road, Topeka, KS 66604",Topeka,sams_club
Walmart Supercenter,37.6764097,-97.2044033,walmart,"East Kellogg Drive, Wichita, KS 67207",Wichita,supercenter
Walmart Supercenter,38.3675959,-97.6281843,walmart,"South Centennial Drive, McPherson, KS 67460",McPherson,supercenter
Walmart Neighborhood Market,37.0454444,-100.9425588,walmart,"North Western Avenue, Liberal, KS 67901",Liberal,neighborhood_market
Walmart Supercenter,39.5508555,-97.6604647,walmart,"East College Drive, Concordia, KS 66901",Concordia,supercenter
Walmart Supercenter,37.7387961,-97.2418017,walmart,"North Rock Road, Wichita, KS 67226",Wichita,supercenter
Walmart Supercenter,37.3722097,-95.2560594,walmart,"North 16th Street, Parsons, KS 67357",Parsons,supercenter
Walmart Supercenter,38.808859,-94.8931075,walmart,"East Santa Fe Street, Gardner, KS 66030",Gardner,supercenter
Sam's Club,38.7859671,-97.608707,walmart,"Market Place, Salina, KS 67401",Salina,sams_club
Walmart Supercenter,38.785371,-97.6151737,walmart,"South 9th Street, Salina, KS 67401",Salina,supercenter
Walmart Supercenter,38.9235168,-95.2568392,walmart,"Iowa Street, Lawrence, KS 66046",Lawrence,supercenter
Walmart Supercenter,39.1322056,-94.8300457,walmart,"Parallel Parkway, Kansas City, KS 66109",Kansas City,supercenter
Sam's Club,38.8863915,-94.6831198,walmart,"West 135th Street, Overland Park, KS 66223",Overland Park,sams_club
Sam's Club,39.0430968,-95.7651748,walmart,"Southwest Winding Road, Topeka, KS 66604",Topeka,sams_club
Walmart Supercenter,38.9982335,-95.6939899,walmart,"Southwest 37th Street, Topeka, KS 66611",Topeka,supercenter
Walmart Supercenter,39.0938437,-95.6716256,walmart,"Northwest Rochester Road, Topeka, KS 66617",Topeka,supercenter
Walmart Supercenter,37.2272533,-96.9927108,walmart,"Pike Road, Winfield, KS 67156",Winfield,supercenter
Walmart Supercenter,37.0897745,-97.0430913,walmart,"North Summit Street, Arkansas City, KS 67005",Arkansas City,supercenter
Walmart Supercenter,38.9734709,-95.3097397,walmart,"Congressional Drive, Lawrence, KS 66049",Lawrence,supercenter
Walmart Supercenter,38.0701106,-97.892192,walmart,"East 17th Avenue, Hutchinson, KS 67501",Hutchinson,supercenter
Walmart Neighborhood Market,39.0435979,-94.6193724,walmart,"Mill Road, Westwood, KS 66205",Westwood,neighborhood_market
Walmart Supercenter,38.4249913,-96.2196981,walmart,"Industrial Road, Emporia, KS 66801",Emporia,supercenter
Walmart Supercenter,38.0233065,-97.3391959,walmart,"South Kansas Road, Newton, KS 67114",Newton,supercenter
Walmart Neighborhood Market,38.9657286,-94.6688247,walmart,"Metcalf Avenue, Overland Park, KS 66212",Overland Park,neighborhood_market
Walmart Neighborhood Market,38.8528876,-94.7997809,walmart,"West 151st Street, Olathe, KS 66062",Olathe,neighborhood_market
Walmart Supercenter,38.3589471,-98.7873405,walmart,"10th Street, Great Bend, KS 67530",Great Bend,supercenter
Walmart Supercenter,39.5403627,-95.1291972,walmart,"US Highway 73, Atchison, KS 66002",Atchison,supercenter
Walmart Supercenter,37.8146453,-96.8921422,walmart,"South Village Road, El Dorado, KS 67042",El Dorado,supercenter
Walmart Supercenter,37.4339286,-94.7022546,walmart,"North Broadway Street, Pittsburg, KS 66762",Pittsburg,supercenter
Sam's Club,38.8849683,-94.6822923,walmart,", , KS",,sams_club
Walmart Supercenter,38.9146868,-94.6638722,walmart,"Metcalf Avenue, Overland Park, KS 66210",Overland Park,supercenter
Walmart Supercenter,38.8423374,-94.6696562,walmart,"Metcalf Avenue, Overland Park, KS 66223",Overland Park,supercenter
Walmart Supercenter,37.5689168,-97.2749884,walmart,"North Nelson Drive, Derby, KS 67037",Derby,supercenter
Sam's Club,38.9592271,-94.7273875,walmart,"West 95th Street, Lenexa, KS 66215",Lenexa,sams_club
Walmart,38.98979,-94.6988237,walmart,"Frontage Road, Overland Park, KS 66204",Overland Park,walmart
Walmart Supercenter,38.5735753,-94.8573616,walmart,"Hedge Lane, Paola, KS 66071",Paola,supercenter
Sam's Club,38.7850841,-97.6104151,walmart,", , KS",,sams_club
Walmart Supercenter,37.660634,-97.5546899,walmart,"West Kellogg Drive, Goddard, KS 67052",Goddard,supercenter
Walmart Supercenter,39.8464192,-95.5600128,walmart,"Hopi Street, Hiawatha, KS 66434",Hiawatha,supercenter
Sam's Club,37.7396486,-97.4598515,walmart,"North Maize Road, Wichita, KS 67205",Wichita,sams_club
Walmart Supercenter,39.2687925,-94.9303937,walmart,"10th Avenue, Leavenworth, KS 66048",Leavenworth,supercenter
Walmart Supercenter,37.6440395,-98.7135989,walmart,"East 1st Street, Pratt, KS 67124",Pratt,supercenter
Walmart Supercenter,37.2734027,-97.3731872,walmart,"East 16th Street, Wellington, KS 67152",Wellington,supercenter
Walmart Supercenter,39.0251175,-94.8498228,walmart,"Silverheel Street, Shawnee, KS 66226",Shawnee,supercenter
Walmart Supercenter,39.4565159,-95.7506844,walmart,"South Arizona Avenue, Holton, KS 66436",Holton,supercenter
Sam's Club,38.958184,-94.7290576,walmart,", , KS",,sams_club
Walmart Supercenter,39.3343285,-101.7285206,walmart,"Commerce Road, Goodland, KS 67735",Goodland,supercenter
Walmart Supercenter,39.0189857,-96.8207684,walmart,"East Chestnut Street, Junction City, KS 66441",Junction City,supercenter
Sam's Club,39.1314807,-94.8234825,walmart,"Parallel Parkway, Kansas City, KS 66109",Kansas City,sams_club
Walmart Supercenter,39.0202957,-95.6482313,walmart,"Southeast California Avenue, Topeka, KS 66605",Topeka,supercenter
Walmart Neighborhood Market,39.0178652,-96.8615817,walmart,"McFarland Road, Junction City, KS 66441",Junction City,neighborhood_market
Walmart Supercenter,37.9427926,-95.4117086,walmart,"North State Street, Iola, KS 66749",Iola,supercenter
Walmart Neighborhood Market,38.9945611,-94.7134528,walmart,"West 74th Terrace, Shawnee, KS 66203",Shawnee,neighborhood_market
Walmart Supercenter,39.0120602,-94.772665,walmart,"West 65th Street, Shawnee, KS 66217",Shawnee,supercenter
Walmart Neighborhood Market,39.0746925,-94.6559498,walmart,"Metropolitan Avenue, Kansas City, KS 66106",Kansas City,neighborhood_market
Walmart Neighborhood Market,37.6954506,-97.4646295,walmart,"West Central Avenue, Wichita, KS 67212",Wichita,neighborhood_market
Walmart Supercenter,37.0423684,-95.5790166,walmart,"CR 5300, Coffeyville, KS 67337",Coffeyville,supercenter
Walmart Supercenter,37.0669182,-100.9168696,walmart,"East Tucker Road, Liberal, KS 67901",Liberal,supercenter
Walmart Neighborhood Market,37.5327893,-97.2423991,walmart,"South Rock Road, Derby, KS 67037",Derby,neighborhood_market
Walmart Supercenter,37.2227096,-95.7436072,walmart,"Peter Pan Road, Independence, KS 67301",Independence,supercenter
Walmart Supercenter,37.6536488,-95.4509915,walmart,"South Santa Fe Avenue, Chanute, KS 66720",Chanute,supercenter
Walmart Supercenter,37.6480365,-97.3321297,walmart,"East Pawnee Street, Wichita, KS 67211",Wichita,supercenter
Sam's Club,39.1298524,-94.8293567,walmart,", , KS",,sams_club
Walmart Neighborhood Market,37.3831777,-94.6874716,walmart,"East Centennial Drive, Pittsburg, KS 66762",Pittsburg,neighborhood_market
Walmart Supercenter,37.8079849,-94.7087859,walmart,"South Main Street, Fort Scott, KS 66701",Fort Scott,supercenter
Walmart Supercenter,38.5811272,-95.2644558,walmart,"South Princeton Street, Ottawa, KS 66067",Ottawa,supercenter
Walmart Neighborhood Market,39.0600488,-95.7084092,walmart,"Southwest MacVicar Avenue, Topeka, KS 66606",Topeka,neighborhood_market
Walmart Supercenter,37.6779744,-96.987651,walmart,"West 7th Avenue, Augusta, KS 67010",Augusta,supercenter
Walmart Neighborhood Market,37.7216244,-97.3648288,walmart,"North Amidon Avenue, Wichita, KS 67203",Wichita,neighborhood_market
Walmart Supercenter,37.784449,-97.3735746,walmart,"North Meridian Avenue, Wichita, KS 67204",Wichita,supercenter
Walmart Supercenter,37.7686375,-100.0357362,walmart,"North 14th Avenue, Dodge City, KS 67801",Dodge City,supercenter
Walmart Supercenter,37.9863706,-100.8366592,walmart,"East Kansas Avenue, Garden City, KS 67846",Garden City,supercenter
Walmart Neighborhood Market,37.9870179,-100.8816252,walmart,"North Taylor Avenue, Garden City, KS 67846",Garden City,neighborhood_market
Sam's Club,37.981851,-100.8349588,walmart,"Larue Street, Garden City, KS 67846",Garden City,sams_club
Sam's Club,37.6734963,-97.4154304,walmart,"West Kellogg Drive, Wichita, KS 67209",Wichita,sams_club
Walmart AutoCare Center,37.4346895,-94.7021168,walmart,", , KS",,walmart
Walmart Auto Center,38.8854764,-94.8383014,walmart,"North K 7 Highway, Olathe, KS",Olathe,walmart
Walmart Auto Center,38.9024312,-99.3214857,walmart,", , KS",,walmart
Sam's Club,39.8095369,-94.8140217,walmart,", , KS",,sams_club
Walmart Supercenter,39.0858446,-94.8775696,walmart,"Kansas Avenue, Bonner Springs, KS 66012",Bonner Springs,supercenter
